brand_name,model_name,condition_name,grade_name,gb_spec_name,colour_name,network_name
AASTRA,6865I,Working,Grade B - Good Condition,Not Applicable,Black,Not Applicable
AASTRA,6865I,Working,Grade A - Very Good Condition,Not Applicable,Black,Not Applicable
AASTRA,6865I,Working,Grade B - Good Condition,Not Applicable,Black,Not Applicable
AASTRA,6865I,Working,Grade B - Good Condition,Not Applicable,Black,Not Applicable
ABOOK,1720W,Working,Grade B - Good Condition,4GB,Black,Not Applicable
ACCESSORIZE,UNIVERSAL 10 INCH TABLET FOLIO CASE - BIRDS BLACK,Brand New,Brand New,Not Applicable,Multicolour,Not Applicable
ACCESSORIZE,UNIVERSAL 10 INCH TABLET FOLIO CASE - BIRDS BLACK,Brand New,Brand New,Not Applicable,Multicolour,Not Applicable
ACCESSORIZE,UNIVERSAL 10 INCH TABLET FOLIO CASE - BIRDS BLACK,Brand New,Brand New,Not Applicable,Multicolour,Not Applicable
ACCESSORIZE,UNIVERSAL 10 INCH TABLET FOLIO CASE - BIRDS BLACK,Brand New,Brand New,Not Applicable,Multicolour,Not Applicable
ACCESSORIZE,UNIVERSAL 10 INCH TABLET FOLIO CASE - BIRDS BLACK,Brand New,Brand New,Not Applicable,Multicolour,Not Applicable
ACCESSORIZE,UNIVERSAL 10 INCH TABLET FOLIO CASE - BIRDS BLACK,Brand New,Brand New,Not Applicable,Multicolour,Not Applicable
ACCESSORIZE,UNIVERSAL 10 INCH TABLET FOLIO CASE - BIRDS BLACK,Brand New,Brand New,Not Applicable,Multicolour,Not Applicable
ACCESSORIZE,UNIVERSAL 10 INCH TABLET FOLIO CASE - BIRDS BLACK,Brand New,Brand New,Not Applicable,Multicolour,Not Applicable
ACCESSORIZE,UNIVERSAL 10 INCH TABLET FOLIO CASE - BIRDS BLACK,Brand New,Brand New,Not Applicable,Multicolour,Not Applicable
ACCESSORIZE,UNIVERSAL 10 INCH TABLET FOLIO CASE - BIRDS BLACK,Brand New,Brand New,Not Applicable,Multicolour,Not Applicable
ACCESSORIZE,UNIVERSAL 10 INCH TABLET FOLIO CASE - BIRDS BLACK,Brand New,Brand New,Not Applicable,Multicolour,Not Applicable
ACCESSORIZE,UNIVERSAL 10 INCH TABLET FOLIO CASE - BIRDS BLACK,Brand New,Brand New,Not Applicable,Multicolour,Not Applicable
ACCESSORIZE,UNIVERSAL 10 INCH TABLET FOLIO CASE - BIRDS BLACK,Brand New,Brand New,Not Applicable,Multicolour,Not Applicable
ACCESSORIZE,UNIVERSAL 10 INCH TABLET FOLIO CASE - BIRDS BLACK,Brand New,Brand New,Not Applicable,Multicolour,Not Applicable
ACCESSORIZE,UNIVERSAL 10 INCH TABLET FOLIO CASE - BIRDS BLACK,Brand New,Brand New,Not Applicable,Multicolour,Not Applicable
ACCESSORIZE,UNIVERSAL 10 INCH TABLET FOLIO CASE - BIRDS BLACK,Brand New,Brand New,Not Applicable,Multicolour,Not Applicable
ACCESSORIZE,UNIVERSAL 10 INCH TABLET FOLIO CASE - BIRDS BLACK,Brand New,Brand New,Not Applicable,Multicolour,Not Applicable
ACCESSORIZE,UNIVERSAL 10 INCH TABLET FOLIO CASE - BIRDS BLACK,Brand New,Brand New,Not Applicable,Multicolour,Not Applicable
ACCESSORIZE,UNIVERSAL 10 INCH TABLET FOLIO CASE - BIRDS BLACK,Brand New,Brand New,Not Applicable,Multicolour,Not Applicable
ACCESSORIZE,UNIVERSAL 10 INCH TABLET FOLIO CASE - BIRDS BLACK,Brand New,Brand New,Not Applicable,Multicolour,Not Applicable
ACCESSORIZE,UNIVERSAL 10 INCH TABLET FOLIO CASE - BIRDS BLACK,Brand New,Brand New,Not Applicable,Multicolour,Not Applicable
ACCESSORIZE,UNIVERSAL 10 INCH TABLET FOLIO CASE - BIRDS BLACK,Brand New,Brand New,Not Applicable,Multicolour,Not Applicable
ACCESSORIZE,UNIVERSAL 10 INCH TABLET FOLIO CASE - ROSE NAVY,Brand New,Brand New,Not Applicable,Multicolour,Not Applicable
ACCESSORIZE,UNIVERSAL 10 INCH TABLET FOLIO CASE - ROSE NAVY,Brand New,Brand New,Not Applicable,Multicolour,Not Applicable
ACCESSORIZE,UNIVERSAL 10 INCH TABLET FOLIO CASE - ROSE NAVY,Brand New,Brand New,Not Applicable,Multicolour,Not Applicable
ACCESSORIZE,UNIVERSAL 10 INCH TABLET FOLIO CASE - ROSE NAVY,Brand New,Brand New,Not Applicable,Multicolour,Not Applicable
ACCESSORIZE,UNIVERSAL 10 INCH TABLET FOLIO CASE - ROSE NAVY,Brand New,Brand New,Not Applicable,Multicolour,Not Applicable
ACCESSORIZE,UNIVERSAL 10 INCH TABLET FOLIO CASE - ROSE NAVY,Brand New,Brand New,Not Applicable,Multicolour,Not Applicable
ACCESSORIZE,UNIVERSAL 10 INCH TABLET FOLIO CASE - ROSE NAVY,Brand New,Brand New,Not Applicable,Multicolour,Not Applicable
ACCESSORIZE,UNIVERSAL 10 INCH TABLET FOLIO CASE - ROSE NAVY,Brand New,Brand New,Not Applicable,Multicolour,Not Applicable
ACCESSORIZE,UNIVERSAL 10 INCH TABLET FOLIO CASE - ROSE NAVY,Brand New,Brand New,Not Applicable,Multicolour,Not Applicable
ACCESSORIZE,UNIVERSAL 10 INCH TABLET FOLIO CASE - ROSE NAVY,Brand New,Brand New,Not Applicable,Multicolour,Not Applicable
ACCESSORIZE,UNIVERSAL 10 INCH TABLET FOLIO CASE - ROSE NAVY,Brand New,Brand New,Not Applicable,Multicolour,Not Applicable
ACCESSORIZE,UNIVERSAL 10 INCH TABLET FOLIO CASE - ROSE NAVY,Brand New,Brand New,Not Applicable,Multicolour,Not Applicable
ACCESSORIZE,UNIVERSAL 10 INCH TABLET FOLIO CASE - ROSE NAVY,Brand New,Brand New,Not Applicable,Multicolour,Not Applicable
ACCESSORIZE,UNIVERSAL 10 INCH TABLET FOLIO CASE - ROSE NAVY,Brand New,Brand New,Not Applicable,Multicolour,Not Applicable
ACCESSORIZE,UNIVERSAL 10 INCH TABLET FOLIO CASE - ROSE NAVY,Brand New,Brand New,Not Applicable,Multicolour,Not Applicable
ACCESSORIZE,UNIVERSAL 10 INCH TABLET FOLIO CASE - ROSE NAVY,Brand New,Brand New,Not Applicable,Multicolour,Not Applicable
ACCESSORIZE,UNIVERSAL 10 INCH TABLET FOLIO CASE - ROSE NAVY,Brand New,Brand New,Not Applicable,Multicolour,Not Applicable
ACCESSORIZE,UNIVERSAL 10 INCH TABLET FOLIO CASE - ROSE NAVY,Brand New,Brand New,Not Applicable,Multicolour,Not Applicable
ACCESSORIZE,UNIVERSAL 10 INCH TABLET FOLIO CASE - ROSE NAVY,Brand New,Brand New,Not Applicable,Multicolour,Not Applicable
ACCESSORIZE,UNIVERSAL 10 INCH TABLET FOLIO CASE - ROSE NAVY,Brand New,Brand New,Not Applicable,Multicolour,Not Applicable
ACCESSORIZE,UNIVERSAL 10 INCH TABLET FOLIO CASE - ROSE NAVY,Brand New,Brand New,Not Applicable,Multicolour,Not Applicable
ACCESSORIZE,UNIVERSAL 10 INCH TABLET FOLIO CASE - ROSE NAVY,Brand New,Brand New,Not Applicable,Multicolour,Not Applicable
ACCESSORIZE,UNIVERSAL 10 INCH TABLET FOLIO CASE - ROSE NAVY,Brand New,Brand New,Not Applicable,Multicolour,Not Applicable
ACCESSORIZE,UNIVERSAL 10 INCH TABLET FOLIO CASE - ROSE NAVY,Brand New,Brand New,Not Applicable,Multicolour,Not Applicable
ACCESSORIZE,UNIVERSAL 10 INCH TABLET FOLIO CASE - ROSE NAVY,Brand New,Brand New,Not Applicable,Multicolour,Not Applicable
ACCESSORIZE,UNIVERSAL 10 INCH TABLET FOLIO CASE - ROSE NAVY,Brand New,Brand New,Not Applicable,Multicolour,Not Applicable
ACCESSORIZE,UNIVERSAL 10 INCH TABLET FOLIO CASE - ROSE NAVY,Brand New,Brand New,Not Applicable,Multicolour,Not Applicable
ACCESSORIZE,UNIVERSAL 10 INCH TABLET FOLIO CASE - ROSE NAVY,Brand New,Brand New,Not Applicable,Multicolour,Not Applicable
ACCESSORIZE,UNIVERSAL 10 INCH TABLET FOLIO CASE - ROSE NAVY,Brand New,Brand New,Not Applicable,Multicolour,Not Applicable
ACCESSORIZE,UNIVERSAL 10 INCH TABLET FOLIO CASE - ROSE NAVY,Brand New,Brand New,Not Applicable,Multicolour,Not Applicable
ACCESSORIZE,UNIVERSAL 10 INCH TABLET FOLIO CASE - ROSE NAVY,Brand New,Brand New,Not Applicable,Multicolour,Not Applicable
ACCESSORIZE,UNIVERSAL 10 INCH TABLET FOLIO CASE - ROSE NAVY,Brand New,Brand New,Not Applicable,Multicolour,Not Applicable
ACCESSORIZE,UNIVERSAL 10 INCH TABLET FOLIO CASE - ROSE NAVY,Brand New,Brand New,Not Applicable,Multicolour,Not Applicable
ACCESSORIZE,UNIVERSAL 10 INCH TABLET FOLIO CASE - ROSE NAVY,Brand New,Brand New,Not Applicable,Multicolour,Not Applicable
ACCESSORIZE,UNIVERSAL 10 INCH TABLET FOLIO CASE - ROSE NAVY,Brand New,Brand New,Not Applicable,Multicolour,Not Applicable
ACCESSORIZE,UNIVERSAL 10 INCH TABLET FOLIO CASE - ROSE NAVY,Brand New,Brand New,Not Applicable,Multicolour,Not Applicable
ACCESSORIZE,UNIVERSAL 10 INCH TABLET FOLIO CASE - ROSE NAVY,Brand New,Brand New,Not Applicable,Multicolour,Not Applicable
ACCESSORIZE,UNIVERSAL 10 INCH TABLET FOLIO CASE - ROSE NAVY,Brand New,Brand New,Not Applicable,Multicolour,Not Applicable
ACCESSORIZE,UNIVERSAL 10 INCH TABLET FOLIO CASE - ROSE NAVY,Brand New,Brand New,Not Applicable,Multicolour,Not Applicable
ACCESSORIZE,UNIVERSAL 10 INCH TABLET FOLIO CASE - ROSE NAVY,Brand New,Brand New,Not Applicable,Multicolour,Not Applicable
ACCESSORIZE,UNIVERSAL 10 INCH TABLET FOLIO CASE - ROSE NAVY,Brand New,Brand New,Not Applicable,Multicolour,Not Applicable
ACCESSORIZE,UNIVERSAL 10 INCH TABLET FOLIO CASE - ROSE NAVY,Brand New,Brand New,Not Applicable,Multicolour,Not Applicable
ACCESSORIZE,UNIVERSAL 10 INCH TABLET FOLIO CASE - ROSE NAVY,Brand New,Brand New,Not Applicable,Multicolour,Not Applicable
ACCESSORIZE,UNIVERSAL 10 INCH TABLET FOLIO CASE - ROSE NAVY,Brand New,Brand New,Not Applicable,Multicolour,Not Applicable
ACCESSORIZE,UNIVERSAL 10 INCH TABLET FOLIO CASE - ROSE NAVY,Brand New,Brand New,Not Applicable,Multicolour,Not Applicable
ACCESSORIZE,UNIVERSAL 10 INCH TABLET FOLIO CASE - ROSE NAVY,Brand New,Brand New,Not Applicable,Multicolour,Not Applicable
ACCESSORIZE,UNIVERSAL 10 INCH TABLET FOLIO CASE - ROSE NAVY,Brand New,Brand New,Not Applicable,Multicolour,Not Applicable
ACCESSORIZE,UNIVERSAL 10 INCH TABLET FOLIO CASE - ROSE NAVY,Brand New,Brand New,Not Applicable,Multicolour,Not Applicable
ACCESSORIZE,UNIVERSAL 10 INCH TABLET FOLIO CASE - ROSE NAVY,Brand New,Brand New,Not Applicable,Multicolour,Not Applicable
ACCESSORIZE,UNIVERSAL 10 INCH TABLET FOLIO CASE - ROSE NAVY,Brand New,Brand New,Not Applicable,Multicolour,Not Applicable
ACCESSORIZE,UNIVERSAL 10 INCH TABLET FOLIO CASE - ROSE NAVY,Brand New,Brand New,Not Applicable,Multicolour,Not Applicable
ACCESSORIZE,UNIVERSAL 10 INCH TABLET FOLIO CASE - ROSE NAVY,Brand New,Brand New,Not Applicable,Multicolour,Not Applicable
ACCESSORIZE,UNIVERSAL 10 INCH TABLET FOLIO CASE - ROSE NAVY,Brand New,Brand New,Not Applicable,Multicolour,Not Applicable
ACCESSORIZE,UNIVERSAL 10 INCH TABLET FOLIO CASE - ROSE NAVY,Brand New,Brand New,Not Applicable,Multicolour,Not Applicable
ACCESSORIZE,UNIVERSAL 10 INCH TABLET FOLIO CASE - ROSE NAVY,Brand New,Brand New,Not Applicable,Multicolour,Not Applicable
ACCESSORIZE,UNIVERSAL 10 INCH TABLET FOLIO CASE - ROSE NAVY,Brand New,Brand New,Not Applicable,Multicolour,Not Applicable
ACCESSORIZE,UNIVERSAL 10 INCH TABLET FOLIO CASE - ROSE NAVY,Brand New,Brand New,Not Applicable,Multicolour,Not Applicable
ACCESSORIZE,UNIVERSAL 10 INCH TABLET FOLIO CASE - ROSE NAVY,Brand New,Brand New,Not Applicable,Multicolour,Not Applicable
ACCESSORIZE,UNIVERSAL 10 INCH TABLET FOLIO CASE - ROSE NAVY,Brand New,Brand New,Not Applicable,Multicolour,Not Applicable
ACCESSORIZE,UNIVERSAL 10 INCH TABLET FOLIO CASE - ROSE NAVY,Brand New,Brand New,Not Applicable,Multicolour,Not Applicable
ACCESSORIZE,UNIVERSAL 10 INCH TABLET FOLIO CASE - ROSE NAVY,Brand New,Brand New,Not Applicable,Multicolour,Not Applicable
ACCESSORIZE,UNIVERSAL 10 INCH TABLET FOLIO CASE - ROSE NAVY,Brand New,Brand New,Not Applicable,Multicolour,Not Applicable
ACCESSORIZE,UNIVERSAL 10 INCH TABLET FOLIO CASE - ROSE NAVY,Brand New,Brand New,Not Applicable,Multicolour,Not Applicable
ACCESSORIZE,UNIVERSAL 10 INCH TABLET FOLIO CASE - ROSE NAVY,Brand New,Brand New,Not Applicable,Multicolour,Not Applicable
ACCESSORIZE,UNIVERSAL 10 INCH TABLET FOLIO CASE - ROSE NAVY,Brand New,Brand New,Not Applicable,Multicolour,Not Applicable
ACCESSORIZE,UNIVERSAL 10 INCH TABLET FOLIO CASE - ROSE NAVY,Brand New,Brand New,Not Applicable,Multicolour,Not Applicable
ACCESSORIZE,UNIVERSAL 10 INCH TABLET FOLIO CASE - ROSE NAVY,Brand New,Brand New,Not Applicable,Multicolour,Not Applicable
ACCESSORIZE,UNIVERSAL 10 INCH TABLET FOLIO CASE - ROSE NAVY,Brand New,Brand New,Not Applicable,Multicolour,Not Applicable
ACCESSORIZE,UNIVERSAL 10 INCH TABLET FOLIO CASE - ROSE NAVY,Brand New,Brand New,Not Applicable,Multicolour,Not Applicable
ACCESSORIZE,UNIVERSAL 10 INCH TABLET FOLIO CASE - ROSE NAVY,Brand New,Brand New,Not Applicable,Multicolour,Not Applicable
ACCESSORIZE,UNIVERSAL 10 INCH TABLET FOLIO CASE - ROSE NAVY,Brand New,Brand New,Not Applicable,Multicolour,Not Applicable
ACCESSORIZE,UNIVERSAL 10 INCH TABLET FOLIO CASE - ROSE NAVY,Brand New,Brand New,Not Applicable,Multicolour,Not Applicable
ACCESSORIZE,UNIVERSAL 10 INCH TABLET FOLIO CASE - ROSE NAVY,Brand New,Brand New,Not Applicable,Multicolour,Not Applicable
ACCESSORIZE,UNIVERSAL 10 INCH TABLET FOLIO CASE - ROSE NAVY,Brand New,Brand New,Not Applicable,Multicolour,Not Applicable
ACCESSORIZE,UNIVERSAL 10 INCH TABLET FOLIO CASE - ROSE NAVY,Brand New,Brand New,Not Applicable,Multicolour,Not Applicable
ACCESSORIZE,UNIVERSAL 10 INCH TABLET FOLIO CASE - ROSE NAVY,Brand New,Brand New,Not Applicable,Multicolour,Not Applicable
ACCESSORIZE,UNIVERSAL 10 INCH TABLET FOLIO CASE - ROSE NAVY,Brand New,Brand New,Not Applicable,Multicolour,Not Applicable
ACCESSORIZE,UNIVERSAL 10 INCH TABLET FOLIO CASE - ROSE NAVY,Brand New,Brand New,Not Applicable,Multicolour,Not Applicable
ACCESSORIZE,UNIVERSAL 10 INCH TABLET FOLIO CASE - ROSE NAVY,Brand New,Brand New,Not Applicable,Multicolour,Not Applicable
ACCESSORIZE,UNIVERSAL 10 INCH TABLET FOLIO CASE - ROSE NAVY,Brand New,Brand New,Not Applicable,Multicolour,Not Applicable
ACCESSORIZE,UNIVERSAL 10 INCH TABLET FOLIO CASE - ROSE NAVY,Brand New,Brand New,Not Applicable,Multicolour,Not Applicable
ACCESSORIZE,UNIVERSAL 10 INCH TABLET FOLIO CASE - ROSE NAVY,Brand New,Brand New,Not Applicable,Multicolour,Not Applicable
ACCESSORIZE,UNIVERSAL 10 INCH TABLET FOLIO CASE - ROSE NAVY,Brand New,Brand New,Not Applicable,Multicolour,Not Applicable
ACCESSORIZE,UNIVERSAL 10 INCH TABLET FOLIO CASE - ROSE NAVY,Brand New,Brand New,Not Applicable,Multicolour,Not Applicable
ACCESSORIZE,UNIVERSAL 10 INCH TABLET FOLIO CASE - ROSE NAVY,Brand New,Brand New,Not Applicable,Multicolour,Not Applicable
ACCESSORIZE,UNIVERSAL 10 INCH TABLET FOLIO CASE - ROSE NAVY,Brand New,Brand New,Not Applicable,Multicolour,Not Applicable
ACCESSORIZE,UNIVERSAL 10 INCH TABLET FOLIO CASE - ROSE NAVY,Brand New,Brand New,Not Applicable,Multicolour,Not Applicable
ACCESSORIZE,UNIVERSAL 10 INCH TABLET FOLIO CASE - ROSE NAVY,Brand New,Brand New,Not Applicable,Multicolour,Not Applicable
ACCESSORIZE,UNIVERSAL 10 INCH TABLET FOLIO CASE - ROSE NAVY,Brand New,Brand New,Not Applicable,Multicolour,Not Applicable
ACCESSORIZE,UNIVERSAL 10 INCH TABLET FOLIO CASE - ROSE NAVY,Brand New,Brand New,Not Applicable,Multicolour,Not Applicable
ACCESSORIZE,UNIVERSAL 10 INCH TABLET FOLIO CASE - ROSE NAVY,Brand New,Brand New,Not Applicable,Multicolour,Not Applicable
ACCESSORIZE,UNIVERSAL 10 INCH TABLET FOLIO CASE - ROSE NAVY,Brand New,Brand New,Not Applicable,Multicolour,Not Applicable
ACCESSORIZE,UNIVERSAL 10 INCH TABLET FOLIO CASE - ROSE NAVY,Brand New,Brand New,Not Applicable,Multicolour,Not Applicable
ACCESSORIZE,UNIVERSAL 10 INCH TABLET FOLIO CASE - ROSE NAVY,Brand New,Brand New,Not Applicable,Multicolour,Not Applicable
ACCESSORIZE,UNIVERSAL 10 INCH TABLET FOLIO CASE - ROSE NAVY,Brand New,Brand New,Not Applicable,Multicolour,Not Applicable
ACCESSORIZE,UNIVERSAL 10 INCH TABLET FOLIO CASE - ROSE NAVY,Brand New,Brand New,Not Applicable,Multicolour,Not Applicable
ACCESSORIZE,UNIVERSAL 10 INCH TABLET FOLIO CASE - ROSE NAVY,Brand New,Brand New,Not Applicable,Multicolour,Not Applicable
ACCESSORIZE,UNIVERSAL 10 INCH TABLET FOLIO CASE - ROSE NAVY,Brand New,Brand New,Not Applicable,Multicolour,Not Applicable
ACCESSORIZE,UNIVERSAL 10 INCH TABLET FOLIO CASE - ROSE NAVY,Brand New,Brand New,Not Applicable,Multicolour,Not Applicable
ACCESSORIZE,UNIVERSAL 10 INCH TABLET FOLIO CASE - ROSE NAVY,Brand New,Brand New,Not Applicable,Multicolour,Not Applicable
ACCESSORIZE,UNIVERSAL 10 INCH TABLET FOLIO CASE - ROSE NAVY,Brand New,Brand New,Not Applicable,Multicolour,Not Applicable
ACCESSORIZE,UNIVERSAL 10 INCH TABLET FOLIO CASE - ROSE NAVY,Brand New,Brand New,Not Applicable,Multicolour,Not Applicable
ACCESSORIZE,UNIVERSAL 10 INCH TABLET FOLIO CASE - ROSE NAVY,Brand New,Brand New,Not Applicable,Multicolour,Not Applicable
ACCESSORIZE,UNIVERSAL 10 INCH TABLET FOLIO CASE - ROSE NAVY,Brand New,Brand New,Not Applicable,Multicolour,Not Applicable
ACCESSORIZE,UNIVERSAL 10 INCH TABLET FOLIO CASE - ROSE NAVY,Brand New,Brand New,Not Applicable,Multicolour,Not Applicable
ACCESSORIZE,UNIVERSAL 10 INCH TABLET FOLIO CASE - ROSE NAVY,Brand New,Brand New,Not Applicable,Multicolour,Not Applicable
ACCESSORIZE,UNIVERSAL 10 INCH TABLET FOLIO CASE - ROSE NAVY,Brand New,Brand New,Not Applicable,Multicolour,Not Applicable
ACCESSORIZE,UNIVERSAL 10 INCH TABLET FOLIO CASE - ROSE NAVY,Brand New,Brand New,Not Applicable,Multicolour,Not Applicable
ACCESSORIZE,UNIVERSAL 10 INCH TABLET FOLIO CASE - ROSE NAVY,Brand New,Brand New,Not Applicable,Multicolour,Not Applicable
ACCESSORIZE,UNIVERSAL 10 INCH TABLET FOLIO CASE - ROSE NAVY,Brand New,Brand New,Not Applicable,Multicolour,Not Applicable
ACCESSORIZE,UNIVERSAL 10 INCH TABLET FOLIO CASE - ROSE NAVY,Brand New,Brand New,Not Applicable,Multicolour,Not Applicable
ACCESSORIZE,UNIVERSAL 10 INCH TABLET FOLIO CASE - ROSE NAVY,Brand New,Brand New,Not Applicable,Multicolour,Not Applicable
ACCESSORIZE,UNIVERSAL 10 INCH TABLET FOLIO CASE - ROSE NAVY,Brand New,Brand New,Not Applicable,Multicolour,Not Applicable
ACCESSORIZE,UNIVERSAL 10 INCH TABLET FOLIO CASE - ROSE NAVY,Brand New,Brand New,Not Applicable,Multicolour,Not Applicable
ACCESSORIZE,UNIVERSAL 10 INCH TABLET FOLIO CASE - ROSE NAVY,Brand New,Brand New,Not Applicable,Multicolour,Not Applicable
ACCESSORIZE,UNIVERSAL 10 INCH TABLET FOLIO CASE - ROSE NAVY,Brand New,Brand New,Not Applicable,Multicolour,Not Applicable
ACCESSORIZE,UNIVERSAL 10 INCH TABLET FOLIO CASE - ROSE NAVY,Brand New,Brand New,Not Applicable,Multicolour,Not Applicable
ACCESSORIZE,UNIVERSAL 10 INCH TABLET FOLIO CASE - ROSE NAVY,Brand New,Brand New,Not Applicable,Multicolour,Not Applicable
ACCESSORIZE,UNIVERSAL 10 INCH TABLET FOLIO CASE - ROSE NAVY,Brand New,Brand New,Not Applicable,Multicolour,Not Applicable
ACCESSORIZE,UNIVERSAL 10 INCH TABLET FOLIO CASE - ROSE NAVY,Brand New,Brand New,Not Applicable,Multicolour,Not Applicable
ACCESSORIZE,UNIVERSAL 10 INCH TABLET FOLIO CASE - ROSE NAVY,Brand New,Brand New,Not Applicable,Multicolour,Not Applicable
ACCESSORIZE,UNIVERSAL 10 INCH TABLET FOLIO CASE - ROSE NAVY,Brand New,Brand New,Not Applicable,Multicolour,Not Applicable
ACCESSORIZE,UNIVERSAL 10 INCH TABLET FOLIO CASE - ROSE NAVY,Brand New,Brand New,Not Applicable,Multicolour,Not Applicable
ACCESSORIZE,UNIVERSAL 10 INCH TABLET FOLIO CASE - ROSE NAVY,Brand New,Brand New,Not Applicable,Multicolour,Not Applicable
ACCESSORIZE,UNIVERSAL 10 INCH TABLET FOLIO CASE - ROSE NAVY,Brand New,Brand New,Not Applicable,Multicolour,Not Applicable
ACCESSORIZE,UNIVERSAL 10 INCH TABLET FOLIO CASE - ROSE NAVY,Brand New,Brand New,Not Applicable,Multicolour,Not Applicable
ACCESSORIZE,UNIVERSAL 10 INCH TABLET FOLIO CASE - ROSE NAVY,Brand New,Brand New,Not Applicable,Multicolour,Not Applicable
ACCESSORIZE,UNIVERSAL 10 INCH TABLET FOLIO CASE - ROSE NAVY,Brand New,Brand New,Not Applicable,Multicolour,Not Applicable
ACCESSORIZE,UNIVERSAL 10 INCH TABLET FOLIO CASE - ROSE NAVY,Brand New,Brand New,Not Applicable,Multicolour,Not Applicable
ACCESSORIZE,UNIVERSAL 10 INCH TABLET FOLIO CASE - ROSE NAVY,Brand New,Brand New,Not Applicable,Multicolour,Not Applicable
ACCESSORIZE,UNIVERSAL 10 INCH TABLET FOLIO CASE - ROSE NAVY,Brand New,Brand New,Not Applicable,Multicolour,Not Applicable
ACCESSORIZE,UNIVERSAL 10 INCH TABLET FOLIO CASE - ROSE NAVY,Brand New,Brand New,Not Applicable,Multicolour,Not Applicable
ACCESSORIZE,UNIVERSAL 10 INCH TABLET FOLIO CASE - ROSE NAVY,Brand New,Brand New,Not Applicable,Multicolour,Not Applicable
ACCESSORIZE,UNIVERSAL 10 INCH TABLET FOLIO CASE - ROSE NAVY,Brand New,Brand New,Not Applicable,Multicolour,Not Applicable
ACCESSORIZE,UNIVERSAL 10 INCH TABLET FOLIO CASE - ROSE NAVY,Brand New,Brand New,Not Applicable,Multicolour,Not Applicable
ACCESSORIZE,UNIVERSAL 10 INCH TABLET FOLIO CASE - ROSE NAVY,Brand New,Brand New,Not Applicable,Multicolour,Not Applicable
ACCESSORIZE,UNIVERSAL 10 INCH TABLET FOLIO CASE - ROSE NAVY,Brand New,Brand New,Not Applicable,Multicolour,Not Applicable
ACCESSORIZE,UNIVERSAL 10 INCH TABLET FOLIO CASE - ROSE NAVY,Brand New,Brand New,Not Applicable,Multicolour,Not Applicable
ACCESSORIZE,UNIVERSAL 10 INCH TABLET FOLIO CASE - ROSE NAVY,Brand New,Brand New,Not Applicable,Multicolour,Not Applicable
ACCESSORIZE,UNIVERSAL 10 INCH TABLET FOLIO CASE - ROSE NAVY,Brand New,Brand New,Not Applicable,Multicolour,Not Applicable
ACCESSORIZE,UNIVERSAL 10 INCH TABLET FOLIO CASE - ROSE NAVY,Brand New,Brand New,Not Applicable,Multicolour,Not Applicable
ACCESSORIZE,UNIVERSAL 10 INCH TABLET FOLIO CASE - ROSE NAVY,Brand New,Brand New,Not Applicable,Multicolour,Not Applicable
ACCESSORIZE,UNIVERSAL 10 INCH TABLET FOLIO CASE - ROSE NAVY,Brand New,Brand New,Not Applicable,Multicolour,Not Applicable
ACCESSORIZE,UNIVERSAL 10 INCH TABLET FOLIO CASE - ROSE NAVY,Brand New,Brand New,Not Applicable,Multicolour,Not Applicable
ACCESSORIZE,UNIVERSAL 10 INCH TABLET FOLIO CASE - ROSE NAVY,Brand New,Brand New,Not Applicable,Multicolour,Not Applicable
ACCESSORIZE,UNIVERSAL 10 INCH TABLET FOLIO CASE - ROSE NAVY,Brand New,Brand New,Not Applicable,Multicolour,Not Applicable
ACCESSORIZE,UNIVERSAL 10 INCH TABLET FOLIO CASE - ROSE NAVY,Brand New,Brand New,Not Applicable,Multicolour,Not Applicable
ACCESSORIZE,UNIVERSAL 10 INCH TABLET FOLIO CASE - ROSE NAVY,Brand New,Brand New,Not Applicable,Multicolour,Not Applicable
ACCESSORIZE,UNIVERSAL 10 INCH TABLET FOLIO CASE - ROSE NAVY,Brand New,Brand New,Not Applicable,Multicolour,Not Applicable
ACCESSORIZE,UNIVERSAL 10 INCH TABLET FOLIO CASE - ROSE NAVY,Brand New,Brand New,Not Applicable,Multicolour,Not Applicable
ACCESSORIZE,UNIVERSAL 10 INCH TABLET FOLIO CASE - ROSE NAVY,Brand New,Brand New,Not Applicable,Multicolour,Not Applicable
ACCESSORIZE,UNIVERSAL 10 INCH TABLET FOLIO CASE - ROSE NAVY,Brand New,Brand New,Not Applicable,Multicolour,Not Applicable
ACCESSORIZE,UNIVERSAL 10 INCH TABLET FOLIO CASE - ROSE NAVY,Brand New,Brand New,Not Applicable,Multicolour,Not Applicable
ACCESSORIZE,UNIVERSAL 10 INCH TABLET FOLIO CASE - ROSE NAVY,Brand New,Brand New,Not Applicable,Multicolour,Not Applicable
ACCESSORIZE,UNIVERSAL 10 INCH TABLET FOLIO CASE - ROSE NAVY,Brand New,Brand New,Not Applicable,Multicolour,Not Applicable
ACCESSORIZE,UNIVERSAL 10 INCH TABLET FOLIO CASE - ROSE NAVY,Brand New,Brand New,Not Applicable,Multicolour,Not Applicable
ACCESSORIZE,UNIVERSAL 10 INCH TABLET FOLIO CASE - ROSE NAVY,Brand New,Brand New,Not Applicable,Multicolour,Not Applicable
ACCESSORIZE,UNIVERSAL 10 INCH TABLET FOLIO CASE - ROSE NAVY,Brand New,Brand New,Not Applicable,Multicolour,Not Applicable
ACCESSORIZE,UNIVERSAL 10 INCH TABLET FOLIO CASE - ROSE NAVY,Brand New,Brand New,Not Applicable,Multicolour,Not Applicable
ACCESSORIZE,UNIVERSAL 10 INCH TABLET FOLIO CASE - ROSE NAVY,Brand New,Brand New,Not Applicable,Multicolour,Not Applicable
ACCESSORIZE,UNIVERSAL 10 INCH TABLET FOLIO CASE - ROSE NAVY,Brand New,Brand New,Not Applicable,Multicolour,Not Applicable
ACCESSORIZE,UNIVERSAL 10 INCH TABLET FOLIO CASE - ROSE NAVY,Brand New,Brand New,Not Applicable,Multicolour,Not Applicable
ACCESSORIZE,UNIVERSAL 10 INCH TABLET FOLIO CASE - ROSE NAVY,Brand New,Brand New,Not Applicable,Multicolour,Not Applicable
ACCESSORIZE,UNIVERSAL 10 INCH TABLET FOLIO CASE - ROSE NAVY,Brand New,Brand New,Not Applicable,Multicolour,Not Applicable
ACCESSORIZE,UNIVERSAL 10 INCH TABLET FOLIO CASE - ROSE NAVY,Brand New,Brand New,Not Applicable,Multicolour,Not Applicable
ACCESSORIZE,UNIVERSAL 10 INCH TABLET FOLIO CASE - ROSE NAVY,Brand New,Brand New,Not Applicable,Multicolour,Not Applicable
ACCESSORIZE,UNIVERSAL 10 INCH TABLET FOLIO CASE - ROSE NAVY,Brand New,Brand New,Not Applicable,Multicolour,Not Applicable
ACCESSORIZE,UNIVERSAL 10 INCH TABLET FOLIO CASE - ROSE NAVY,Brand New,Brand New,Not Applicable,Multicolour,Not Applicable
ACCESSORIZE,UNIVERSAL 10 INCH TABLET FOLIO CASE - ROSE NAVY,Brand New,Brand New,Not Applicable,Multicolour,Not Applicable
ACCESSORIZE,UNIVERSAL 10 INCH TABLET FOLIO CASE - ROSE NAVY,Brand New,Brand New,Not Applicable,Multicolour,Not Applicable
ACCESSORIZE,UNIVERSAL 10 INCH TABLET FOLIO CASE - ROSE NAVY,Brand New,Brand New,Not Applicable,Multicolour,Not Applicable
ACCESSORIZE,UNIVERSAL 10 INCH TABLET FOLIO CASE - ROSE NAVY,Brand New,Brand New,Not Applicable,Multicolour,Not Applicable
ACCESSORIZE,UNIVERSAL 10 INCH TABLET FOLIO CASE - ROSE NAVY,Brand New,Brand New,Not Applicable,Multicolour,Not Applicable
ACCESSORIZE,UNIVERSAL 10 INCH TABLET FOLIO CASE - ROSE NAVY,Brand New,Brand New,Not Applicable,Multicolour,Not Applicable
ACCESSORIZE,UNIVERSAL 10 INCH TABLET FOLIO CASE - ROSE NAVY,Brand New,Brand New,Not Applicable,Multicolour,Not Applicable
ACCESSORIZE,UNIVERSAL 10 INCH TABLET FOLIO CASE - ROSE NAVY,Brand New,Brand New,Not Applicable,Multicolour,Not Applicable
ACCESSORIZE,UNIVERSAL 10 INCH TABLET FOLIO CASE - ROSE NAVY,Brand New,Brand New,Not Applicable,Multicolour,Not Applicable
ACCESSORIZE,UNIVERSAL 10 INCH TABLET FOLIO CASE - ROSE NAVY,Brand New,Brand New,Not Applicable,Multicolour,Not Applicable
ACCESSORIZE,UNIVERSAL 10 INCH TABLET FOLIO CASE - ROSE NAVY,Brand New,Brand New,Not Applicable,Multicolour,Not Applicable
ACCESSORIZE,UNIVERSAL 10 INCH TABLET FOLIO CASE - ROSE NAVY,Brand New,Brand New,Not Applicable,Multicolour,Not Applicable
ACCESSORIZE,UNIVERSAL 10 INCH TABLET FOLIO CASE - ROSE NAVY,Brand New,Brand New,Not Applicable,Multicolour,Not Applicable
ACCESSORIZE,UNIVERSAL 10 INCH TABLET FOLIO CASE - ROSE NAVY,Brand New,Brand New,Not Applicable,Multicolour,Not Applicable
ACCESSORIZE,UNIVERSAL 10 INCH TABLET FOLIO CASE - ROSE NAVY,Brand New,Brand New,Not Applicable,Multicolour,Not Applicable
ACCESSORIZE,UNIVERSAL 10 INCH TABLET FOLIO CASE - ROSE NAVY,Brand New,Brand New,Not Applicable,Multicolour,Not Applicable
ACCESSORIZE,UNIVERSAL 10 INCH TABLET FOLIO CASE - ROSE NAVY,Brand New,Brand New,Not Applicable,Multicolour,Not Applicable
ACCESSORIZE,UNIVERSAL 10 INCH TABLET FOLIO CASE - ROSE NAVY,Brand New,Brand New,Not Applicable,Multicolour,Not Applicable
ACCESSORIZE,UNIVERSAL 10 INCH TABLET FOLIO CASE - ROSE NAVY,Brand New,Brand New,Not Applicable,Multicolour,Not Applicable
ACCESSORIZE,UNIVERSAL 10 INCH TABLET FOLIO CASE - ROSE NAVY,Brand New,Brand New,Not Applicable,Multicolour,Not Applicable
ACCESSORIZE,UNIVERSAL 10 INCH TABLET FOLIO CASE - ROSE NAVY,Brand New,Brand New,Not Applicable,Multicolour,Not Applicable
ACCESSORIZE,UNIVERSAL 10 INCH TABLET FOLIO CASE - ROSE NAVY,Brand New,Brand New,Not Applicable,Multicolour,Not Applicable
ACCESSORIZE,UNIVERSAL 10 INCH TABLET FOLIO CASE - ROSE NAVY,Brand New,Brand New,Not Applicable,Multicolour,Not Applicable
ACCESSORIZE,UNIVERSAL 10 INCH TABLET FOLIO CASE - ROSE NAVY,Brand New,Brand New,Not Applicable,Multicolour,Not Applicable
ACCESSORIZE,UNIVERSAL 10 INCH TABLET FOLIO CASE - ROSE NAVY,Brand New,Brand New,Not Applicable,Multicolour,Not Applicable
ACCESSORIZE,UNIVERSAL 10 INCH TABLET FOLIO CASE - ROSE NAVY,Brand New,Brand New,Not Applicable,Multicolour,Not Applicable
ACCESSORIZE,UNIVERSAL 10 INCH TABLET FOLIO CASE - ROSE NAVY,Brand New,Brand New,Not Applicable,Multicolour,Not Applicable
ACCESSORIZE,UNIVERSAL 10 INCH TABLET FOLIO CASE - ROSE NAVY,Brand New,Brand New,Not Applicable,Multicolour,Not Applicable
ACCESSORIZE,UNIVERSAL 10 INCH TABLET FOLIO CASE - ROSE NAVY,Brand New,Brand New,Not Applicable,Multicolour,Not Applicable
ACCESSORIZE,UNIVERSAL 10 INCH TABLET FOLIO CASE - ROSE NAVY,Brand New,Brand New,Not Applicable,Multicolour,Not Applicable
ACCESSORIZE,UNIVERSAL 10 INCH TABLET FOLIO CASE - ROSE NAVY,Brand New,Brand New,Not Applicable,Multicolour,Not Applicable
ACCESSORIZE,UNIVERSAL 10 INCH TABLET FOLIO CASE - ROSE NAVY,Brand New,Brand New,Not Applicable,Multicolour,Not Applicable
ACCESSORIZE,UNIVERSAL 10 INCH TABLET FOLIO CASE - ROSE NAVY,Brand New,Brand New,Not Applicable,Multicolour,Not Applicable
ACCESSORIZE,UNIVERSAL 10 INCH TABLET FOLIO CASE - ROSE NAVY,Brand New,Brand New,Not Applicable,Multicolour,Not Applicable
ACCESSORIZE,UNIVERSAL 10 INCH TABLET FOLIO CASE - ROSE NAVY,Brand New,Brand New,Not Applicable,Multicolour,Not Applicable
ACCESSORIZE,UNIVERSAL 10 INCH TABLET FOLIO CASE - ROSE NAVY,Brand New,Brand New,Not Applicable,Multicolour,Not Applicable
ACCESSORIZE,UNIVERSAL 10 INCH TABLET FOLIO CASE - ROSE NAVY,Brand New,Brand New,Not Applicable,Multicolour,Not Applicable
ACCESSORIZE,UNIVERSAL 10 INCH TABLET FOLIO CASE - ROSE NAVY,Brand New,Brand New,Not Applicable,Multicolour,Not Applicable
ACCESSORIZE,UNIVERSAL 10 INCH TABLET FOLIO CASE - ROSE NAVY,Brand New,Brand New,Not Applicable,Multicolour,Not Applicable
ACCESSORIZE,UNIVERSAL 10 INCH TABLET FOLIO CASE - ROSE NAVY,Brand New,Brand New,Not Applicable,Multicolour,Not Applicable
Acer,4551-P322G25MNSK,Power On Tested-Good LCD,Unknown,2GB,Silver,Not Applicable
Acer,4551-P322G25MSKN,Non-working,Unknown,2GB,Silver,Not Applicable
Acer,4552-P322G32MNKK,Power On Tested-Good LCD,Grade B - Good Condition,2GB,Black,Not Applicable
Acer,4820-382G25MNKS,Non-working,Unknown,2GB,Black,Not Applicable
Acer,4820-38G2MNKS,Non-working,Unknown,2GB,Black,Not Applicable
Acer,4830-2332G32MNKK,Non-working,Unknown,2GB,Black,Not Applicable
Acer,4830-2332G32MNKK,Non-working,Unknown,2GB,Black,Not Applicable
Acer,5253-E353G32MNKK,Non-working,Unknown,2GB,Black,Not Applicable
Acer,5253-E353G32MNKK,Working,Grade B - Good Condition,3GB,Black,Not Applicable
Acer,5334-333G37MNKK,Non-working,Grade C - Acceptable Condition,3GB,Black,Not Applicable
Acer,5349,Working,Grade B - Good Condition,2GB,Black,Not Applicable
Acer,ACER ASPIRE ES1-531,Working,Grade A - Very Good Condition,4GB,Black,Not Applicable
Acer,"Acer Aspire V5-571 15.6-inch Laptop - Silver (Intel Core i3 2365M 1.4GHz, 4GB RAM, 500GB HDD, DVDSM DL, LAN, WLAN, BT, Webcam, Integrated Graphics, Windows 8 64-bit)",Working,Grade A - Very Good Condition,4GB,Aluminium Silver,Not Applicable
Acer,"Acer ICONIA W5/KDI Intel atom z2760 (1.8Ghz 2x), Win 8 32 bit,RAM 2GB HDD 64GB",Working,Grade B - Good Condition,2GB,Silver,Not Applicable
Acer,"Acer ICONIA W5/KDI Intel atom z2760 (1.8Ghz 2x), Win 8 32 bit,RAM 2GB HDD 64GB",Working,Insurance Grade,2GB,Grey,Not Applicable
Acer,"Acer ICONIA W5/KDI Intel atom z2760 (1.8Ghz 2x), Win 8 32 bit,RAM 2GB HDD 64GB",Working,Insurance Grade,2GB,Grey,Not Applicable
Acer,AL1716E,Working,Grade B - Good Condition,Not Applicable,Silver,Not Applicable
Acer,AL1951,Working,Grade B - Good Condition,Not Applicable,Black,Not Applicable
Acer,AL1951,Working,Grade B - Good Condition,Unknown,Black,Not Applicable
Acer,"ASPIRE 4820 - INTEL CORE I3-380M, 2.53GHZ, 2GB RAM, 250GB HDD",Working,Grade B - Good Condition,2GB,Black,Not Applicable
Acer,ASPIRE 5250,Working,Grade B - Good Condition,4GB,Grey,Not Applicable
Acer,ASPIRE 5250,Working,Grade B - Good Condition,4GB,Grey,Not Applicable
Acer,ASPIRE 5250,Working,Grade B - Good Condition,8GB,Black,Not Applicable
Acer,ASPIRE 5253,Working,Grade B - Good Condition,4GB,Black,Not Applicable
Acer,ASPIRE 5253,Working,Grade A - Very Good Condition,8GB,Black,Not Applicable
Acer,ASPIRE 5741ZG/P6000,BER,Not Graded,Not Applicable,Black,Not Applicable
Acer,ASPIRE 7530,Non-working,Grade C - Acceptable Condition,4GB,Silver,Not Applicable
Acer,ASPIRE 7530,Working,Grade B - Good Condition,4GB,Silver,Not Applicable
Acer,ASPIRE ONE CLOUDBOOK,Working,Grade A - Very Good Condition,2GB,Mocha gray,Not Applicable
Acer,ASPIRE ONE NETBOOK D255 BONUS EXTRAS,Working,Grade B - Good Condition,1GB,Black,Not Applicable
Acer,ASPIRE X3990,BER,Grade B - Good Condition,4GB,Black,Not Applicable
Acer,D255-13DGKK,Working,Grade C - Acceptable Condition,1GB,Black,Not Applicable
Acer,D255-13DGKK,Working,Grade C - Acceptable Condition,1GB,Black,Not Applicable
Acer,D255-13DGKK,Non-working,Grade C - Acceptable Condition,1GB,Black,Not Applicable
Acer,EEE PC 1005HA,Non-working,Grade C - Acceptable Condition,1GB,Black,Not Applicable
Acer,GO Z220+,Working,Grade C - Acceptable Condition,8GB,Black,Unlocked
Acer,GO Z220+,Working,Grade C - Acceptable Condition,8GB,Black,Unlocked
Acer,GO Z220+,Working,Grade D,8GB,Black,Unlocked
Acer,ICONIA 8,Working,Grade B - Good Condition,Not Applicable,Blue,Not Applicable
Acer,ICONIA A1-811,Working,Grade A - Very Good Condition,16GB,White,Unlocked
Acer,ICONIA A1-811,Brand New,Insurance Grade,8GB,White,Unlocked
Acer,ICONIA A1-811,Working,Grade A - Very Good Condition,8GB,White,Unlocked
Acer,ICONIA A1-811,Working,Grade A - Very Good Condition,8GB,White,Unlocked
Acer,ICONIA A1-811,Working,Grade B - Good Condition,8GB,White,Unlocked
Acer,ICONIA A1-811,Working,Grade B B2B,8GB,White,Unlocked
Acer,ICONIA A1-811,Brand New,Insurance Grade,8GB,White,Unlocked
Acer,ICONIA A3 10.1,Brand New,Insurance Grade,16GB,White,Not Applicable
Acer,ICONIA A3-A11,Power On Tested-Good LCD,Unknown,16GB,Black,Damaged
Acer,ICONIA ONE 10,Working,Grade C - Acceptable Condition,16GB,White,Not Applicable
Acer,ICONIA W5,Power On Tested-Good LCD,Unknown,2GB,Silver,Not Applicable
Acer,ICONIA W5,Power On Tested-Good LCD,Unknown,2GB,Silver,Not Applicable
Acer,ICONIA W5,Power On Tested-Good LCD,Unknown,2GB,Silver,Not Applicable
Acer,ICONIA W5,Power On Tested-Good LCD,Unknown,2GB,Silver,Not Applicable
Acer,ICONIA W5,Power On Tested-Good LCD,Unknown,2GB,Silver,Not Applicable
Acer,ICONIA W5,Power On Tested,Unknown,2GB,Silver,Not Applicable
Acer,ICONIA W5,Non-working,Unknown,2GB,Silver,Not Applicable
Acer,ICONIA W5,Power On Tested-Good LCD,Unknown,2GB,Silver,Not Applicable
Acer,ICONIA W5,Non-working,Unknown,2GB,Silver,Not Applicable
Acer,ICONIA W5,Non-working,Unknown,2GB,Silver,Not Applicable
Acer,ICONIA W5,Non-working,Unknown,2GB,Silver,Not Applicable
Acer,ICONIA W5,Non-working,Unknown,2GB,Silver,Not Applicable
Acer,ICONIA W5,Working,Grade B - Good Condition,2GB,Silver,Not Applicable
Acer,JADE S,Working,Grade B B2B,8GB,Black,Unlocked
Acer,JADE S,Brand New,Insurance Grade,8GB,Black,Unlocked
Acer,JADE S,Working,Grade B - Good Condition,8GB,Black,Unlocked
Acer,JADE S,Working,Grade B - Good Condition,8GB,Black,Unlocked
Acer,JADE S,Working,Grade B - Good Condition,8GB,Black,Unlocked
Acer,JADE S,Working,Grade A - Very Good Condition,8GB,Black,Unlocked
Acer,Liquid E2,Non-working - Need Battery,Grade A - Very Good Condition,2GB,Black,Unlocked
Acer,Liquid E2,Non-working - Need Battery,Grade A - Very Good Condition,2GB,Black,Unlocked
Acer,Liquid E2,Non-working - Need Battery,Grade C - Acceptable Condition,2GB,Black,Unlocked
Acer,Liquid E2,Non-working,Unknown,2GB,Black,Damaged
Acer,Liquid E2,Non-working - Need Battery,Grade A - Very Good Condition,2GB,White,Unlocked
Acer,LIQUID E3,Brand New,Insurance Grade,4GB,Black,Unlocked
Acer,LIQUID E3,Brand New,Insurance Grade,4GB,Black,Unlocked
Acer,LIQUID E3,Brand New,Insurance Grade,4GB,Grey,Unlocked
Acer,LIQUID E3,Brand New,Insurance Grade,4GB,Grey,Unlocked
Acer,LIQUID E3,Working,Grade B - Good Condition,4GB,Black,Unlocked
Acer,LIQUID E600,Brand New,Insurance Grade,Not Applicable,Black,Unlocked
Acer,LIQUID E600,Working,Grade C - Acceptable Condition,Not Applicable,Black,Unlocked
Acer,LIQUID E600,Non-working - Need Repair - Software,Insurance Grade,Not Applicable,Black,Unlocked
Acer,LIQUID E600,Brand New,Insurance Grade,Not Applicable,Silver,Unlocked
Acer,LIQUID EXPRESS E320,Non-working - Need Battery,Grade B - Good Condition,Not Applicable,Grey,Unlocked
Acer,LIQUID EXPRESS E320,Non-working - Need Battery,Grade B - Good Condition,Not Applicable,Grey,Unlocked
Acer,LIQUID EXPRESS E320,Non-working - Need Battery,Grade C - Acceptable Condition,Not Applicable,Grey,Unlocked
Acer,LIQUID EXPRESS E320,Non-working - Need Battery,Grade A - Very Good Condition,Not Applicable,Grey,Unlocked
Acer,LIQUID EXPRESS E320,Non-working - Need Battery,Grade B - Good Condition,Not Applicable,Grey,Unlocked
Acer,LIQUID GLOW E330,Non-working - Need Battery,Grade C - Acceptable Condition,Not Applicable,Black,Unlocked
Acer,LIQUID GLOW E330,Working,Grade A - Very Good Condition,Not Applicable,Black,Unlocked
Acer,LIQUID GLOW E330,Working,Grade A - Very Good Condition,Not Applicable,Black,Unlocked
Acer,LIQUID GLOW E330,Working,Grade A - Very Good Condition,Not Applicable,Black,Unlocked
Acer,LIQUID GLOW E330,Working,Grade A - Very Good Condition,Not Applicable,Black,Unlocked
Acer,LIQUID JADE S55,Brand New,Insurance Grade,8GB,White,Unlocked
Acer,LIQUID JADE S55,Brand New,Insurance Grade,8GB,Black,Unlocked
Acer,LIQUID JADE S55,Brand New,Insurance Grade,8GB,Black,Unlocked
Acer,LIQUID JADE S55,Working,Grade A - Very Good Condition,8GB,White,Unlocked
Acer,LIQUID JADE Z,Brand New,Insurance Grade,8GB,Black,Unlocked
Acer,LIQUID JADE Z,Brand New,Insurance Grade,8GB,Black,Unlocked
Acer,LIQUID S1,Non-working - Need Battery,Not Graded,8GB,Black,EE Network
Acer,LIQUID S1,Non-working - Need Battery,Not Graded,8GB,Black,EE Network
Acer,LIQUID Z110,Non-working - Need Battery,Grade A - Very Good Condition,Not Applicable,Black,Unlocked
Acer,LIQUID Z110,Working,Grade A - Very Good Condition,Not Applicable,Black,Unlocked
Acer,LIQUID Z110,Working,Grade B B2B,Not Applicable,Black,Unlocked
Acer,LIQUID Z110,Working,Grade B - Good Condition,Not Applicable,Black,Unlocked
Acer,LIQUID Z110,Working,Grade A - Very Good Condition,Not Applicable,Black,Unlocked
Acer,LIQUID Z110,Non-working - Need Battery,Grade A - Very Good Condition,Not Applicable,Black,Unlocked
Acer,LIQUID Z110,Working,Grade B - Good Condition,Not Applicable,Black,Unlocked
Acer,LIQUID Z110,Working,Grade A - Very Good Condition,Not Applicable,Black,Unlocked
Acer,LIQUID Z110,Non-working - Need Repair - Software,Grade C - Acceptable Condition,Not Applicable,White,Unlocked
Acer,LIQUID Z110,Working,Grade A - Very Good Condition,Not Applicable,White,Unlocked
Acer,LIQUID Z110,Non-working - Need Battery,Grade B - Good Condition,Not Applicable,Black,Unlocked
Acer,LIQUID Z110,Non-working - Need Battery,Grade B - Good Condition,Not Applicable,Black,Unlocked
Acer,LIQUID Z110,Working,Grade A - Very Good Condition,Not Applicable,Black,Unlocked
Acer,LIQUID Z110,Working,Grade B - Good Condition,Not Applicable,Black,Unlocked
Acer,LIQUID Z110,Non-working - Need Battery,Grade B - Good Condition,Not Applicable,Black,Unlocked
Acer,LIQUID Z110,Non-working - Need Battery,Grade B - Good Condition,Not Applicable,Black,Unlocked
Acer,LIQUID Z110,Non-working - Need Battery,Grade A - Very Good Condition,Not Applicable,Black,Unlocked
Acer,LIQUID Z110,Non-working - Need Battery,Grade B - Good Condition,Not Applicable,Black,Unlocked
Acer,LIQUID Z110,Brand New,Insurance Grade,Not Applicable,Black,Unlocked
Acer,LIQUID Z110,Brand New,Insurance Grade,Not Applicable,White,Unlocked
Acer,LIQUID Z110,Working,Grade B B2B,Not Applicable,Black,Unlocked
Acer,LIQUID Z110,Non-working - Need Battery,Grade B - Good Condition,Not Applicable,Black,Unlocked
Acer,LIQUID Z110,Working,Grade A - Very Good Condition,Not Applicable,Black,Unlocked
Acer,LIQUID Z110,Working,Grade B - Good Condition,Not Applicable,Black,Unlocked
Acer,liquid z2,Working,Grade B - Good Condition,2GB,Black,Unlocked
Acer,liquid z2,Working,Grade A - Very Good Condition,2GB,Black,Unlocked
Acer,liquid z2,Working,Grade A - Very Good Condition,2GB,White,Unlocked
Acer,liquid z2,Working,Grade B - Good Condition,2GB,Black,Unlocked
Acer,liquid z2,Working,Grade A - Very Good Condition,2GB,Black,Unlocked
Acer,liquid z2,Working,Grade B - Good Condition,2GB,Black,Unlocked
Acer,liquid z2,Working,Grade A - Very Good Condition,2GB,Black,Unlocked
Acer,liquid z2,Working,Grade A - Very Good Condition,2GB,Black,Unlocked
Acer,liquid z2,Working,Grade C - Acceptable Condition,2GB,Black,Unlocked
Acer,LIQUID Z200,Non-working - Need Battery,Not Graded,4GB,Black,EE Network
Acer,LIQUID Z220,Working,Grade A - Very Good Condition,8GB,Black,Unlocked
Acer,LIQUID Z220,Working,Grade C - Acceptable Condition,8GB,Black,Unlocked
Acer,LIQUID Z220,Non-working - Need Battery,Not Graded,8GB,Black,EE Network
Acer,LIQUID Z220,Non-working - Need Battery,Not Graded,8GB,White,EE Network
Acer,LIQUID Z220,Non-working - Need Battery,Not Graded,8GB,White,EE Network
Acer,liquid z4,Working,Grade A - Very Good Condition,4GB,Black,Unlocked
Acer,liquid z4,Working,Grade A - Very Good Condition,4GB,Black,Unlocked
Acer,liquid z4,Brand New,Insurance Grade,4GB,Black,Unlocked
Acer,liquid z4,Brand New,Insurance Grade,4GB,Black,Unlocked
Acer,liquid z4,Working,Grade B - Good Condition,4GB,Black,Unlocked
Acer,liquid z4,Working,Grade A - Very Good Condition,4GB,Black,Unlocked
Acer,liquid z4,Working,Not Graded,4GB,Black,Unlocked
Acer,liquid z4,Non-working - Need Battery,Grade A - Very Good Condition,4GB,White,Unlocked
Acer,liquid z4,Non-working - Need Battery,Grade B - Good Condition,4GB,White,Damaged
Acer,liquid z4,Non-working - Need Battery,Grade A - Very Good Condition,4GB,Black,Unlocked
Acer,liquid z4,Non-working,Unknown,4GB,Pink,Damaged
Acer,liquid z4,Non-working - Need Battery,Grade A - Very Good Condition,4GB,Pink,Unlocked
Acer,liquid z4,Non-working - Need Battery,Grade A - Very Good Condition,4GB,Black,Unlocked
Acer,LIQUID Z410,Non-working - Need Battery,Not Graded,8GB,Black,EE Network
Acer,LIQUID Z410,Non-working - Need Battery,Not Graded,8GB,Black,EE Network
Acer,LIQUID Z5,Working,Grade A - Very Good Condition,4GB,Grey,Unlocked
Acer,LIQUID Z5,Brand New,Insurance Grade,4GB,Black,Unlocked
Acer,LIQUID Z5,Brand New,Insurance Grade,4GB,White,Unlocked
Acer,LIQUID Z5,Brand New,Insurance Grade,4GB,White,Unlocked
Acer,Liquid Z5 Duo,Working - Minor Issue,Grade D,4GB,Grey,Unlocked
Acer,LIQUID Z500,Working,Grade A - Very Good Condition,4GB,Silver,Unlocked
Acer,LIQUID Z500,Non-working,Grade A - Very Good Condition,4GB,Silver,Unlocked
Acer,LIQUID Z500,Working,Grade C - Acceptable Condition,4GB,Black,Unlocked
Acer,P223W - MONITOR,Working,Grade B - Good Condition,Not Applicable,Black,Not Applicable
Acer,V173 MONITOR,Working,Grade B - Good Condition,Not Applicable,Black,Not Applicable
Acer,V173 MONITOR,Working,Grade B - Good Condition,Not Applicable,Black,Not Applicable
Acer,V193HQV,Working,Grade B - Good Condition,Not Applicable,Black,Not Applicable
Acer,V193HQV,Working,Grade B - Good Condition,Not Applicable,Black,Not Applicable
ADMET,V10,BER-Scrap,Grade C - Acceptable Condition,Not Applicable,Black,Damaged
Advent, 7113 1.73GHz 1GB RAM 80GB HDD 15.4 Inch,BER,Not Graded,Not Applicable,Black,Not Applicable
AEROFLEX,9102 HANDHELD SPECTRUM ANALYZER -  HSA 9102B,Working,Grade B - Good Condition,Not Applicable,Black,Not Applicable
AIRFORCE,WATER PROOF POUCH,Brand New,Brand New,Not Applicable,Blue,Not Applicable
AIRFORCE,WATER PROOF POUCH,Brand New,Brand New,Not Applicable,Blue,Not Applicable
AIRFORCE,WATER PROOF POUCH,Brand New,Brand New,Not Applicable,Blue,Not Applicable
AIRFORCE,WATER PROOF POUCH,Brand New,Brand New,Not Applicable,Blue,Not Applicable
AIRFORCE,WATER PROOF POUCH,Brand New,Brand New,Not Applicable,Blue,Not Applicable
AIRFORCE,WATER PROOF POUCH,Brand New,Brand New,Not Applicable,Blue,Not Applicable
AIRFORCE,WATER PROOF POUCH,Brand New,Brand New,Not Applicable,Blue,Not Applicable
AIRFORCE,WATER PROOF POUCH,Brand New,Brand New,Not Applicable,Blue,Not Applicable
AIRFORCE,WATER PROOF POUCH,Brand New,Brand New,Not Applicable,Blue,Not Applicable
AIRFORCE,WATER PROOF POUCH,Brand New,Brand New,Not Applicable,Red,Not Applicable
AIRFORCE,WATER PROOF POUCH,Brand New,Brand New,Not Applicable,Red,Not Applicable
AIRFORCE,WATER PROOF POUCH,Brand New,Brand New,Not Applicable,Red,Not Applicable
AIRFORCE,WATER PROOF POUCH,Brand New,Brand New,Not Applicable,Red,Not Applicable
AIRFORCE,WATER PROOF POUCH,Brand New,Brand New,Not Applicable,Red,Not Applicable
AIRFORCE,WATER PROOF POUCH,Brand New,Brand New,Not Applicable,Red,Not Applicable
AIRFORCE,WATER PROOF POUCH,Brand New,Brand New,Not Applicable,Red,Not Applicable
AIRFORCE,WATER PROOF POUCH,Brand New,Brand New,Not Applicable,Red,Not Applicable
AIRFORCE,WATER PROOF POUCH,Brand New,Brand New,Not Applicable,Red,Not Applicable
AIRFORCE,WATER PROOF POUCH,Brand New,Brand New,Not Applicable,Red,Not Applicable
AIRFORCE,WATER PROOF POUCH,Brand New,Brand New,Not Applicable,Red,Not Applicable
AIRFORCE,WATER PROOF POUCH,Brand New,Brand New,Not Applicable,Red,Not Applicable
AIRFORCE,WATER PROOF POUCH,Brand New,Insurance Grade,Not Applicable,Red,Not Applicable
AIRFORCE,WATER PROOF POUCH,Brand New,Insurance Grade,Not Applicable,Blue,Not Applicable
AIRFORCE,WATER PROOF POUCH,Brand New,Brand New,Not Applicable,Red,Not Applicable
AIRTIES,AIR 4420-TV WIRELESS,Brand New,Insurance Grade,Not Applicable,Black,Not Applicable
AKASA,PROCESSOR COOLER - AK 785SE,Brand New,Insurance Grade,Not Applicable,Black,Not Applicable
AKASA,PROCESSOR COOLER - AK 785SE,Brand New,Insurance Grade,Not Applicable,Black,Not Applicable
AKASA,PROCESSOR COOLER - AK 785SE,Brand New,Insurance Grade,Not Applicable,Black,Not Applicable
AKASA,PROCESSOR COOLER - AK 785SE,Brand New,Insurance Grade,Not Applicable,Black,Not Applicable
ALBA,AC50FNE,BER-Scrap,Grade C - Acceptable Condition,Not Applicable,Black,Damaged
ALBA,AC50FNE,Working,Grade C - Acceptable Condition,Not Applicable,Black,Unlocked
ALBA,ACF18,BER-Scrap,Grade C - Acceptable Condition,Not Applicable,Black,O2
ALBA,ACF18,BER-Scrap,Grade C - Acceptable Condition,Not Applicable,Black,Damaged
ALBA,ACF18,BER-Scrap,Grade C - Acceptable Condition,Not Applicable,Black,Damaged
ALBA,ACF18,BER-Scrap,Grade C - Acceptable Condition,Not Applicable,Black,Damaged
ALBA,ACF18,BER-Scrap,Grade C - Acceptable Condition,Not Applicable,Black,Damaged
ALBA,ACF18,Working,Grade C - Acceptable Condition,Not Applicable,Black,Unlocked
ALBA,ACF28,BER-Scrap,Grade D,Not Applicable,Purple,Damaged
ALBA,ACSE2G,BER-Scrap,Grade C - Acceptable Condition,Not Applicable,Black,Damaged
Alcatel, ONE TOUCH OT 983,Working,Grade A - Very Good Condition,Not Applicable,Black,Unlocked
Alcatel,10.16,Working,Grade B - Good Condition,Not Applicable,Black,Unlocked
Alcatel,10.16,Working,Grade C - Acceptable Condition,Not Applicable,Black,Unlocked
Alcatel,10.16,Working,Grade B - Good Condition,Not Applicable,Black,Unlocked
Alcatel,10.16,Working,Grade B - Good Condition,Not Applicable,Black,Unlocked
Alcatel,10.16,Working,Grade B - Good Condition,Not Applicable,Black,Unlocked
Alcatel,10.16,Working,Grade B - Good Condition,Not Applicable,Black,Unlocked
Alcatel,10.16,Working,Grade C - Acceptable Condition,Not Applicable,Black,Unlocked
Alcatel,10.16,Working,Grade B - Good Condition,Not Applicable,Black,Unlocked
Alcatel,10.16,Working,Grade A - Very Good Condition,Not Applicable,Black,Unlocked
Alcatel,10.16,Non-working,Grade D,Not Applicable,Black,Tesco-Mobile
Alcatel,10.16,Working,Grade B - Good Condition,Not Applicable,Black,Unlocked
Alcatel,10.16,Working,Grade B - Good Condition,Not Applicable,Black,Unlocked
Alcatel,10.16,Working,Grade B - Good Condition,Not Applicable,Black,Unlocked
Alcatel,10.16,Working,Grade B - Good Condition,Not Applicable,Black,Unlocked
Alcatel,10.16,Working,Grade C - Acceptable Condition,Not Applicable,Black,Unlocked
Alcatel,10.16,Working,Grade B - Good Condition,Not Applicable,Black,Unlocked
Alcatel,10.16,Working,Grade B B2B,Not Applicable,Black,Unlocked
Alcatel,10.16,Working,Grade C - Acceptable Condition,Not Applicable,Black,Unlocked
Alcatel,10.16,Working,Grade B B2B,Not Applicable,Black,Unlocked
Alcatel,10.16,Working,Grade B B2B,Not Applicable,Black,Unlocked
Alcatel,10.16,Working,Grade B - Good Condition,Not Applicable,Black,Unlocked
Alcatel,10.16,Working,Grade B B2B,Not Applicable,Black,Unlocked
Alcatel,10.16,Working,Grade B B2B,Not Applicable,Black,Unlocked
Alcatel,10.16,Power On Tested-Good LCD,Unknown,Not Applicable,Black,Tesco-Mobile
Alcatel,10.16,Working,Grade B - Good Condition,Not Applicable,Black,Unlocked
Alcatel,10.16,Working,Grade B - Good Condition,Not Applicable,Black,Unlocked
Alcatel,10.16,Working,Grade C - Acceptable Condition,Not Applicable,Black,Unlocked
Alcatel,10.16,Working,Grade B B2B,Not Applicable,Black,Unlocked
Alcatel,10.16,Working,Grade C - Acceptable Condition,Not Applicable,Black,Unlocked
Alcatel,10.16,Working,Grade B B2B,Not Applicable,Black,Unlocked
Alcatel,10.16,Working,Grade C - Acceptable Condition,Not Applicable,Black,Unlocked
Alcatel,10.16,Working,Grade C - Acceptable Condition,Not Applicable,Black,Unlocked
Alcatel,10.16,Working,Grade D,Not Applicable,Black,Unlocked
Alcatel,10.16,Working,Grade C - Acceptable Condition,Not Applicable,Black,Unlocked
Alcatel,10.16,Working,Grade C - Acceptable Condition,Not Applicable,Black,Unlocked
Alcatel,10.16,Working,Grade B - Good Condition,Not Applicable,Black,Unlocked
Alcatel,10.16,Working,Grade D,Not Applicable,Black,Unlocked
Alcatel,10.16,Working,Grade B B2B,Not Applicable,Black,Unlocked
Alcatel,10.16,Non-working,Unknown,Not Applicable,Black,Tesco-Mobile
Alcatel,10.16,Working,Grade D,Not Applicable,Black,Unlocked
Alcatel,10.16,Power On Tested-Good LCD,Grade B - Good Condition,Not Applicable,Black,Tesco-Mobile
Alcatel,10.16,Working,Grade C - Acceptable Condition,Not Applicable,Black,Unlocked
Alcatel,10.16,Working,Grade B - Good Condition,Not Applicable,Black,Unlocked
Alcatel,10.16,Working,Grade B B2B,Not Applicable,Black,Unlocked
Alcatel,10.16,Working,Grade C - Acceptable Condition,Not Applicable,Black,Unlocked
Alcatel,10.16,Working,Grade B B2B,Not Applicable,Black,Unlocked
Alcatel,10.16,Working,Grade B B2B,Not Applicable,Black,Unlocked
Alcatel,10.16,Working,Grade C - Acceptable Condition,Not Applicable,Black,Unlocked
Alcatel,10.16,Working,Grade C - Acceptable Condition,Not Applicable,Black,Unlocked
Alcatel,10.16,Working,Grade B B2B,Not Applicable,Black,Unlocked
Alcatel,10.16,Working,Grade B B2B,Not Applicable,Black,Unlocked
Alcatel,10.16,Working,Grade B B2B,Not Applicable,Black,Unlocked
Alcatel,10.16,Working,Grade B B2B,Not Applicable,Black,Unlocked
Alcatel,10.16,Working,Grade B - Good Condition,Not Applicable,Black,Unlocked
Alcatel,10.16,Working,Grade C - Acceptable Condition,Not Applicable,Black,Unlocked
Alcatel,10.16,Working,Grade B B2B,Not Applicable,Black,Unlocked
Alcatel,10.16,Working,Grade B B2B,Not Applicable,Black,Unlocked
Alcatel,10.16,BER,Grade C - Acceptable Condition,Not Applicable,Black,Unknown
Alcatel,10.16,Working,Grade D,Not Applicable,Black,Unlocked
Alcatel,10.16,Working,Grade C - Acceptable Condition,Not Applicable,Black,Unlocked
Alcatel,10.16,Working,Grade B B2B,Not Applicable,Black,Unlocked
Alcatel,10.16,BER,Grade D,Not Applicable,Black,Unknown
Alcatel,10.16,Brand New,Brand New,Not Applicable,Black,Unlocked
Alcatel,10.16,Brand New,Brand New,Not Applicable,Black,Unlocked
Alcatel,10.16,Brand New,Brand New,Not Applicable,Black,Unlocked
Alcatel,10.16,Working,Grade C - Acceptable Condition,Not Applicable,Black,EE Network
Alcatel,10.16,Working,Grade C - Acceptable Condition,Not Applicable,Black,EE Network
Alcatel,1010 TES BLK,Working,Grade C - Acceptable Condition,Not Applicable,Black,Unlocked
Alcatel,1010 TES BLK,Working,Grade B - Good Condition,Not Applicable,Black,Unlocked
Alcatel,1010 TES BLK,BER,Grade D,Not Applicable,Black,Tesco-Mobile
Alcatel,1010 TES BLK,Working,Grade B - Good Condition,Not Applicable,Black,Unlocked
Alcatel,1010 TES BLK,Working,Grade C - Acceptable Condition,Not Applicable,Black,Unlocked
Alcatel,1010 TES BLK,Working,Grade B - Good Condition,Not Applicable,Black,Unlocked
Alcatel,1010 TES BLK,Working,Grade B - Good Condition,Not Applicable,Black,Unlocked
Alcatel,1010 TES BLK,Working,Grade B - Good Condition,Not Applicable,Black,Unlocked
Alcatel,1010 TES BLK,Working,Grade C - Acceptable Condition,Not Applicable,Black,Unlocked
Alcatel,1010 TES BLK,Working,Grade C - Acceptable Condition,Not Applicable,Black,Unlocked
Alcatel,1010 TES BLK,Working,Grade C - Acceptable Condition,Not Applicable,Black,Unlocked
Alcatel,1010 TES BLK,Working,Grade B - Good Condition,Not Applicable,Black,Unlocked
Alcatel,1010X,Working,Grade B - Good Condition,Not Applicable,Black,Unlocked
Alcatel,1010X,Working,Grade D,Not Applicable,Black,Unlocked
Alcatel,1010X,Power On Tested-Broken LCD,Grade C - Acceptable Condition,Not Applicable,Black,Tesco-Mobile
Alcatel,1010X,BER,Grade D,Not Applicable,Black,Tesco-Mobile
Alcatel,1010X,Working,Grade B - Good Condition,Not Applicable,Black,Unlocked
Alcatel,1010X,Working,Grade B - Good Condition,Not Applicable,Black,Unlocked
Alcatel,1010X,Working,Grade D,Not Applicable,Black,Unlocked
Alcatel,1010X,Working,Grade D,Not Applicable,Black,Unlocked
Alcatel,1010X,Working,Grade C - Acceptable Condition,Not Applicable,Black,Unlocked
Alcatel,1010X,BER,Grade C - Acceptable Condition,Not Applicable,Black,Unlocked
Alcatel,1010X,Working,Grade B - Good Condition,Not Applicable,Black,Unlocked
Alcatel,1010X,Working,Grade B - Good Condition,Not Applicable,Black,Unlocked
Alcatel,1010X,Working,Grade D,Not Applicable,Black,Unlocked
Alcatel,1010X,Working,Grade D,Not Applicable,Black,Unlocked
Alcatel,1010X,Working,Grade B - Good Condition,Not Applicable,Black,Unlocked
Alcatel,1010X,Working - Need Battery Cover,Grade B - Good Condition,Not Applicable,Black,Unlocked
Alcatel,1010X,BER,Grade C - Acceptable Condition,Not Applicable,Black,NOS-Portugal
Alcatel,1010X,Working - Need Battery Cover,Grade B - Good Condition,Not Applicable,Black,Unlocked
Alcatel,1010X,Non-working - Need Battery Cover,Grade B - Good Condition,Not Applicable,Black,Unlocked
Alcatel,1010X,Non-working - Unlock,Grade B - Good Condition,Not Applicable,Black,Virgin
Alcatel,1010X,Working,Grade C - Acceptable Condition,Not Applicable,Black,Unlocked
Alcatel,1010X,Working - Need Battery Cover,Grade B - Good Condition,Not Applicable,Black,Unlocked
Alcatel,1010X,BER,Grade B - Good Condition,Not Applicable,Black,Unlocked
Alcatel,1010X,Power On Tested-Good LCD,Grade C - Acceptable Condition,Not Applicable,Black,NOS-Portugal
Alcatel,1010X,BER,Grade D,Not Applicable,Black,NOS-Portugal
Alcatel,1010X,Working,Grade C - Acceptable Condition,Not Applicable,Black,Unlocked
Alcatel,1010X,Power On Tested-Good LCD,Grade C - Acceptable Condition,Not Applicable,Black,NOS-Portugal
Alcatel,1010X,Working,Grade D,Not Applicable,Black,Unlocked
Alcatel,1010X,Non-working - Need Battery Cover And Battery,Grade C - Acceptable Condition,Not Applicable,Black,NOS-Portugal
Alcatel,1010X,Non-working - Need Battery Cover,Grade B - Good Condition,Not Applicable,Black,Unlocked
Alcatel,1010X,Non-working - Need Battery Cover,Grade B - Good Condition,Not Applicable,Black,Unlocked
Alcatel,1010X,Non-working - Need Battery Cover,Grade B - Good Condition,Not Applicable,Black,Unlocked
Alcatel,1010X,Non-working - Need Battery Cover,Grade A - Very Good Condition,Not Applicable,Black,Unlocked
Alcatel,1010X,Non-working - Need Battery Cover,Grade A - Very Good Condition,Not Applicable,Black,Unlocked
Alcatel,1010X,Non-working - Need Battery Cover,Grade B - Good Condition,Not Applicable,Black,Unlocked
Alcatel,1010X,Non-working - Need Battery Cover,Grade B - Good Condition,Not Applicable,Black,Unlocked
Alcatel,1010X,Non-working - Need Battery Cover,Grade B - Good Condition,Not Applicable,Black,Unlocked
Alcatel,1010X,Non-working - Need Battery Cover,Grade B - Good Condition,Not Applicable,Black,Unlocked
Alcatel,1010X,Non-working - Need Battery Cover,Grade A - Very Good Condition,Not Applicable,Black,Unlocked
Alcatel,1010X,Working,Grade A - Very Good Condition,Not Applicable,Black,Unlocked
Alcatel,1010X,Non-working,Unknown,Not Applicable,Black,NOS-Portugal
Alcatel,1010X,Non-working,Unknown,Not Applicable,Black,NOS-Portugal
Alcatel,1010X,Power On Tested-Good LCD,Grade C - Acceptable Condition,Not Applicable,Black,Damaged
Alcatel,1010X,Power On Tested-Good LCD,Grade C - Acceptable Condition,Not Applicable,Black,Damaged
Alcatel,1010X,Power On Tested-Good LCD,Grade C - Acceptable Condition,Not Applicable,Black,Damaged
Alcatel,1010X,BER-Scrap,Grade D,Not Applicable,Black,Damaged
Alcatel,1010X,Working,Grade D,1GB,Black,Unlocked
Alcatel,1010X,Working,Grade D,1GB,Black,Virgin
Alcatel,1010X,Working,Grade C - Acceptable Condition,Not Applicable,Black,Unlocked
Alcatel,1010X,Working,Grade C - Acceptable Condition,Not Applicable,Black,Unlocked
Alcatel,1013X,Working,Grade B - Good Condition,Not Applicable,Bluish Black,Unlocked
Alcatel,1013X,Working,Grade B B2B,Not Applicable,Bluish Black,Unlocked
Alcatel,1013X,Working,Grade B - Good Condition,Not Applicable,Bluish Black,Unlocked
Alcatel,1013X,Working,Grade B - Good Condition,Not Applicable,Bluish Black,Unlocked
Alcatel,1013X,Working,Grade B - Good Condition,Not Applicable,Bluish Black,Unlocked
Alcatel,1013X,Working,Grade A - Very Good Condition,Not Applicable,Bluish Black,Unlocked
Alcatel,1013X,Working,Grade A - Very Good Condition,Not Applicable,Bluish Black,Unlocked
Alcatel,1013X,Working,Grade B - Good Condition,Not Applicable,Bluish Black,Unlocked
Alcatel,1013X,Brand New,Insurance Grade,Not Applicable,Bluish Black,Unlocked
Alcatel,1013X,Working,Grade B - Good Condition,Not Applicable,Bluish Black,Unlocked
Alcatel,1013X,Working,Grade A - Very Good Condition,Not Applicable,Bluish Black,Unlocked
Alcatel,1013X,Working,Grade B B2B,Not Applicable,Bluish Black,Unlocked
Alcatel,1013X,Working,Grade A - Very Good Condition,Not Applicable,Bluish Black,Unlocked
Alcatel,1013X,Working,Grade B - Good Condition,Not Applicable,Bluish Black,Unlocked
Alcatel,1013X,Working,Grade A - Very Good Condition,Not Applicable,Bluish Black,Unlocked
Alcatel,1013X,Brand New,Insurance Grade,Not Applicable,Bluish Black,Unlocked
Alcatel,1013X,Working,Grade B - Good Condition,Not Applicable,Bluish Black,Unlocked
Alcatel,1013X,Brand New,Insurance Grade,Not Applicable,Bluish Black,Unlocked
Alcatel,1013X,Working,Grade A - Very Good Condition,Not Applicable,Bluish Black,Unlocked
Alcatel,1013X,Working,Grade B - Good Condition,Not Applicable,Bluish Black,Unlocked
Alcatel,1013X,Working,Grade C - Acceptable Condition,Not Applicable,Bluish Black,Unlocked
Alcatel,1013X,Brand New,Insurance Grade,Not Applicable,Bluish Black,Unlocked
Alcatel,1013X,Working,Grade B - Good Condition,Not Applicable,Bluish Black,Unlocked
Alcatel,1013X,Working,Grade B - Good Condition,Not Applicable,Bluish Black,Unlocked
Alcatel,1013X,Working,Grade B - Good Condition,Not Applicable,Bluish Black,Unlocked
Alcatel,1013X,Working,Grade A - Very Good Condition,Not Applicable,Bluish Black,Unlocked
Alcatel,1013X,Brand New,Insurance Grade,Not Applicable,Bluish Black,Unlocked
Alcatel,1013X,Working,Grade B - Good Condition,Not Applicable,Bluish Black,Unlocked
Alcatel,1013X,Working,Grade B B2B,Not Applicable,Bluish Black,Unlocked
Alcatel,1013X,Working,Grade B - Good Condition,Not Applicable,Bluish Black,Unlocked
Alcatel,1013X,Working,Grade B - Good Condition,Not Applicable,Bluish Black,Unlocked
Alcatel,1013X,Working,Grade A - Very Good Condition,Not Applicable,Bluish Black,Unlocked
Alcatel,1013X,Working,Grade B - Good Condition,Not Applicable,Bluish Black,Unlocked
Alcatel,1013X,Working,Grade C - Acceptable Condition,Not Applicable,Bluish Black,Unlocked
Alcatel,1013X,Working,Grade A - Very Good Condition,Not Applicable,Bluish Black,Unlocked
Alcatel,1013X,Working,Grade B - Good Condition,Not Applicable,Bluish Black,Unlocked
Alcatel,1013X,Working,Grade B - Good Condition,Not Applicable,Bluish Black,Unlocked
Alcatel,1013X,Working,Grade A - Very Good Condition,Not Applicable,Bluish Black,Unlocked
Alcatel,1013X,Working,Grade B - Good Condition,Not Applicable,Bluish Black,Unlocked
Alcatel,1013X,Working,Grade B B2B,Not Applicable,Bluish Black,Unlocked
Alcatel,1013X,Working,Grade B - Good Condition,Not Applicable,Bluish Black,Unlocked
Alcatel,1013X,Working,Grade B - Good Condition,Not Applicable,Bluish Black,Unlocked
Alcatel,1013X,Working,Grade B B2B,Not Applicable,Bluish Black,Unlocked
Alcatel,1013X,Working,Grade A - Very Good Condition,Not Applicable,Bluish Black,Unlocked
Alcatel,1013X,Working,Grade B - Good Condition,Not Applicable,Bluish Black,Unlocked
Alcatel,1013X,Non-working - Unlock,Grade B - Good Condition,Not Applicable,Bluish Black,Virgin
Alcatel,1013X,Working,Grade B - Good Condition,Not Applicable,Bluish Black,Unlocked
Alcatel,1013X,Working,Grade B - Good Condition,Not Applicable,Bluish Black,Unlocked
Alcatel,1013X,Working,Grade B B2B,Not Applicable,Bluish Black,Unlocked
Alcatel,1013X,Non-working - Unlock,Grade C - Acceptable Condition,Not Applicable,Black,Virgin
Alcatel,1013X,Working,Grade B - Good Condition,Not Applicable,Bluish Black,Unlocked
Alcatel,1013X,Non-working - Need Battery Cover And Battery,Grade B - Good Condition,Not Applicable,Bluish Black,Virgin
Alcatel,1013X,Non-working - Unlock,Grade B - Good Condition,Not Applicable,Bluish Black,Virgin
Alcatel,1013X,Working,Grade B B2B,Not Applicable,Bluish Black,Unlocked
Alcatel,1013X,Working,Grade C - Acceptable Condition,Not Applicable,Bluish Black,Unlocked
Alcatel,1013X,Working,Grade A - Very Good Condition,Not Applicable,Bluish Black,Unlocked
Alcatel,1013X,Working,Grade B B2B,Not Applicable,Bluish Black,Unlocked
Alcatel,1013X,Power On Tested-Good LCD,Grade C - Acceptable Condition,Not Applicable,Black,Damaged
Alcatel,1013X,Working - Need Battery Cover,Grade C - Acceptable Condition,Not Applicable,Blue,EE Network
Alcatel,1013X,Working,Insurance Grade,Not Applicable,Black,Unlocked
Alcatel,1016D,Power On Tested-Good LCD,Grade C - Acceptable Condition,Not Applicable,Black,Damaged
Alcatel,1016D,Power On Tested-Good LCD,Grade C - Acceptable Condition,Not Applicable,Black,Damaged
Alcatel,1016D,Brand New,Brand New,Not Applicable,White,Unlocked
Alcatel,1016G,Working,Grade B - Good Condition,Not Applicable,Black,Unlocked
Alcatel,1016G,Working,Grade B B2B,Not Applicable,Black,Unlocked
Alcatel,1016G,Working,Grade C - Acceptable Condition,Not Applicable,Black,Unlocked
Alcatel,1016G,Working,Grade B - Good Condition,Not Applicable,Black,Unlocked
Alcatel,1016G,Working,Grade B - Good Condition,Not Applicable,Black,Unlocked
Alcatel,1016G,Working,Grade B - Good Condition,Not Applicable,Black,Unlocked
Alcatel,1016G,Working,Grade B - Good Condition,Not Applicable,Black,Unlocked
Alcatel,1016G,Working,Grade B B2B,Not Applicable,Black,Unlocked
Alcatel,1016G,Working,Grade B - Good Condition,Not Applicable,Black,Unlocked
Alcatel,1016G,Working,Grade B - Good Condition,Not Applicable,Black,Unlocked
Alcatel,1016G,Working,Grade B B2B,Not Applicable,Black,Unlocked
Alcatel,1016G,Working,Grade B - Good Condition,Not Applicable,Black,Unlocked
Alcatel,1016G,Working,Grade B - Good Condition,Not Applicable,Black,Unlocked
Alcatel,1016G,Working,Grade B - Good Condition,Not Applicable,Black,Unlocked
Alcatel,1016G,Working,Grade B - Good Condition,Not Applicable,Black,Unlocked
Alcatel,1016G,Working,Grade B B2B,Not Applicable,Black,Unlocked
Alcatel,1016G,Working,Grade B B2B,Not Applicable,Black,Unlocked
Alcatel,1016G,Working,Grade B - Good Condition,Not Applicable,Black,Unlocked
Alcatel,1016G,Working,Grade A - Very Good Condition,Not Applicable,White,Unlocked
Alcatel,1016G,Working,Grade B - Good Condition,Not Applicable,Black,Unlocked
Alcatel,1016G,Working,Grade B - Good Condition,Not Applicable,Black,Unlocked
Alcatel,1016G,Working,Grade B - Good Condition,Not Applicable,White,Unlocked
Alcatel,1016G,Working,Grade B - Good Condition,Not Applicable,Black,Unlocked
Alcatel,1016G,Working,Grade B - Good Condition,Not Applicable,Black,Unlocked
Alcatel,1016G,Working,Grade B - Good Condition,Not Applicable,Black,Unlocked
Alcatel,1016G,Working,Grade B - Good Condition,Not Applicable,Black,Unlocked
Alcatel,1016G,Working,Grade B - Good Condition,Not Applicable,Black,Unlocked
Alcatel,1016G,Working,Grade B - Good Condition,Not Applicable,Black,Unlocked
Alcatel,1016G,Working,Grade B - Good Condition,Not Applicable,Black,Unlocked
Alcatel,1016G,Working,Grade B - Good Condition,Not Applicable,Black,Unlocked
Alcatel,1016G,Working,Grade B - Good Condition,Not Applicable,Black,Unlocked
Alcatel,1016G,Working,Grade B - Good Condition,Not Applicable,Black,Unlocked
Alcatel,1016G,Working,Grade C - Acceptable Condition,Not Applicable,Black,Unlocked
Alcatel,1016G,Working,Grade B - Good Condition,Not Applicable,Black,Unlocked
Alcatel,1016G,Working,Grade B - Good Condition,Not Applicable,Black,Unlocked
Alcatel,1016G,Working,Grade B - Good Condition,Not Applicable,Black,Unlocked
Alcatel,1016G,Working,Grade B - Good Condition,Not Applicable,White,Unlocked
Alcatel,1016G,Working,Grade B - Good Condition,Not Applicable,Black,Unlocked
Alcatel,1016G,Working,Grade B - Good Condition,Not Applicable,Black,Unlocked
Alcatel,1016G,Working,Grade B - Good Condition,Not Applicable,Black,Unlocked
Alcatel,1016G,Working,Grade B - Good Condition,Not Applicable,White,Unlocked
Alcatel,1016G,Working,Grade B - Good Condition,Not Applicable,White,Unlocked
Alcatel,1016G,Working,Grade B - Good Condition,Not Applicable,Black,Unlocked
Alcatel,1016G,Working,Grade B - Good Condition,Not Applicable,Black,Unlocked
Alcatel,1016G,Working,Grade B - Good Condition,Not Applicable,Black,Unlocked
Alcatel,1016G,Working,Grade B B2B,Not Applicable,Black,Unlocked
Alcatel,1016G,Working,Grade B - Good Condition,Not Applicable,Black,Unlocked
Alcatel,1016G,Working,Grade B - Good Condition,Not Applicable,White,Unlocked
Alcatel,1016G,Working,Grade B B2B,Not Applicable,Black,Unlocked
Alcatel,1016G,Working,Grade B - Good Condition,Not Applicable,Black,Unlocked
Alcatel,1016G,Working,Grade B B2B,Not Applicable,Black,Unlocked
Alcatel,1016G,Working,Grade B - Good Condition,Not Applicable,Black,Unlocked
Alcatel,1016G,Working,Grade B - Good Condition,Not Applicable,Black,Unlocked
Alcatel,1016G,Working,Grade B - Good Condition,Not Applicable,Black,Unlocked
Alcatel,1016G,Working,Grade B - Good Condition,Not Applicable,Black,Unlocked
Alcatel,1016G,Working,Grade B - Good Condition,Not Applicable,Black,Unlocked
Alcatel,1016G,Working,Grade B B2B,Not Applicable,Black,Unlocked
Alcatel,1016G,Working,Grade B - Good Condition,Not Applicable,Black,Unlocked
Alcatel,1016G,Working,Grade B - Good Condition,Not Applicable,Black,Unlocked
Alcatel,1016G,Working,Grade B - Good Condition,Not Applicable,Black,Unlocked
Alcatel,1016G,Working,Grade B - Good Condition,Not Applicable,Black,Unlocked
Alcatel,1016G,Working,Grade B - Good Condition,Not Applicable,Black,Unlocked
Alcatel,1016G,Working,Grade B - Good Condition,Not Applicable,Black,Unlocked
Alcatel,1016G,Working,Grade B - Good Condition,Not Applicable,Black,Unlocked
Alcatel,1016G,Working,Grade B B2B,Not Applicable,Black,Unlocked
Alcatel,1016G,Working,Grade B - Good Condition,Not Applicable,White,Unlocked
Alcatel,1016G,Working,Grade B B2B,Not Applicable,Black,Unlocked
Alcatel,1016G,Working,Grade B - Good Condition,Not Applicable,White,Unlocked
Alcatel,1016G,Working,Grade B - Good Condition,Not Applicable,Black,Unlocked
Alcatel,1016G,Working,Grade B - Good Condition,Not Applicable,White,Unlocked
Alcatel,1016G,Working,Grade B - Good Condition,Not Applicable,Black,Unlocked
Alcatel,1016G,Working,Grade B B2B,Not Applicable,Black,Unlocked
Alcatel,1016G,Working,Grade B - Good Condition,Not Applicable,Black,Unlocked
Alcatel,1016G,Working,Grade B B2B,Not Applicable,Black,Unlocked
Alcatel,1016G,Working,Grade B - Good Condition,Not Applicable,Black,Unlocked
Alcatel,1016G,Working,Grade B - Good Condition,Not Applicable,Black,Unlocked
Alcatel,1016G,Working,Grade B B2B,Not Applicable,Black,Unlocked
Alcatel,1016G,Working,Grade A - Very Good Condition,Not Applicable,White,Unlocked
Alcatel,1016G,Working,Grade B B2B,Not Applicable,Black,Unlocked
Alcatel,1016G,Working,Grade B - Good Condition,Not Applicable,Black,Unlocked
Alcatel,1016G,Working,Grade B B2B,Not Applicable,Black,Unlocked
Alcatel,1016G,Working,Grade C - Acceptable Condition,Not Applicable,Black,Unlocked
Alcatel,1016G,Working,Grade C - Acceptable Condition,Not Applicable,Black,Unlocked
Alcatel,1016G,Working,Grade B - Good Condition,Not Applicable,Black,Unlocked
Alcatel,1016G,Working,Grade B - Good Condition,Not Applicable,Black,Unlocked
Alcatel,1016G,Working,Grade C - Acceptable Condition,Not Applicable,Black,Unlocked
Alcatel,1016G,Working,Grade B B2B,Not Applicable,Black,Unlocked
Alcatel,1016G,Working,Grade B - Good Condition,Not Applicable,Black,Unlocked
Alcatel,1016G,Working,Grade B - Good Condition,Not Applicable,Black,Unlocked
Alcatel,1016G,Working,Grade B - Good Condition,Not Applicable,Black,Unlocked
Alcatel,1016G,Working,Grade B - Good Condition,Not Applicable,Black,Unlocked
Alcatel,1016G,Working,Grade C - Acceptable Condition,Not Applicable,Black,Unlocked
Alcatel,1016G,Working,Grade B - Good Condition,Not Applicable,Black,Unlocked
Alcatel,1016G,Working,Grade B B2B,Not Applicable,Black,Unlocked
Alcatel,1016G,Working,Grade B B2B,Not Applicable,Black,Unlocked
Alcatel,1016G,Working,Grade B - Good Condition,Not Applicable,Black,Unlocked
Alcatel,1016G,Working,Grade B - Good Condition,Not Applicable,Black,Unlocked
Alcatel,1016G,Working,Grade B B2B,Not Applicable,Black,Unlocked
Alcatel,1016G,Working,Grade C - Acceptable Condition,Not Applicable,Black,Unlocked
Alcatel,1016G,Working,Grade C - Acceptable Condition,Not Applicable,Black,Unlocked
Alcatel,1016G,Working,Grade B - Good Condition,Not Applicable,Black,Unlocked
Alcatel,1016G,Working,Grade B - Good Condition,Not Applicable,Black,Unlocked
Alcatel,1016G,Working,Grade B - Good Condition,Not Applicable,Black,Unlocked
Alcatel,1016G,Working,Grade B B2B,Not Applicable,Black,Unlocked
Alcatel,1016G,Working,Grade B - Good Condition,Not Applicable,Black,Unlocked
Alcatel,1016G,Working,Grade B - Good Condition,Not Applicable,Black,Unlocked
Alcatel,1016G,Working,Grade B B2B,Not Applicable,Black,Unlocked
Alcatel,1016G,Working,Grade B - Good Condition,Not Applicable,Black,Unlocked
Alcatel,1016G,Working,Grade B - Good Condition,Not Applicable,Black,Unlocked
Alcatel,1016G,Working,Grade C - Acceptable Condition,Not Applicable,Black,Unlocked
Alcatel,1016G,Working,Grade B B2B,Not Applicable,Black,Unlocked
Alcatel,1016G,Working,Grade B - Good Condition,Not Applicable,Black,Unlocked
Alcatel,1016G,Working,Grade B - Good Condition,Not Applicable,Black,Unlocked
Alcatel,1016G,Working,Grade B B2B,Not Applicable,Black,Unlocked
Alcatel,1016G,Working,Grade B - Good Condition,Not Applicable,Black,Unlocked
Alcatel,1016G,Working,Grade B - Good Condition,Not Applicable,Black,Unlocked
Alcatel,1016G,Working,Grade B - Good Condition,Not Applicable,Black,Unlocked
Alcatel,1016G,Working,Grade B B2B,Not Applicable,Black,Unlocked
Alcatel,1016G,Working,Grade B - Good Condition,Not Applicable,Black,Unlocked
Alcatel,1016G,Working,Grade B - Good Condition,Not Applicable,Black,Unlocked
Alcatel,1016G,Working,Grade A - Very Good Condition,Not Applicable,Black,Unlocked
Alcatel,1016G,Working,Grade B - Good Condition,Not Applicable,White,Unlocked
Alcatel,1016G,Working,Grade B - Good Condition,Not Applicable,White,Unlocked
Alcatel,1016G,Working,Grade B - Good Condition,Not Applicable,White,Unlocked
Alcatel,1016G,Working,Grade B - Good Condition,Not Applicable,White,Unlocked
Alcatel,1016G,Working,Grade B - Good Condition,Not Applicable,White,Unlocked
Alcatel,1016G,Working,Grade B B2B,Not Applicable,White,Unlocked
Alcatel,1016G,Working,Grade B - Good Condition,Not Applicable,White,Unlocked
Alcatel,1016G,Working,Grade B - Good Condition,Not Applicable,White,Unlocked
Alcatel,1016G,Working,Grade A - Very Good Condition,Not Applicable,White,Unlocked
Alcatel,1016G,Working,Grade B - Good Condition,Not Applicable,White,Unlocked
Alcatel,1016G,Working,Grade B - Good Condition,Not Applicable,White,Unlocked
Alcatel,1016G,Working,Grade B B2B,Not Applicable,Black,Unlocked
Alcatel,1016G,Working,Grade B - Good Condition,Not Applicable,Black,Unlocked
Alcatel,1016G,Working,Grade B - Good Condition,Not Applicable,Black,Unlocked
Alcatel,1016G,Working,Grade B - Good Condition,Not Applicable,Black,Unlocked
Alcatel,1016G,Working,Grade B - Good Condition,Not Applicable,Black,Unlocked
Alcatel,1016G,Working,Grade B - Good Condition,Not Applicable,Black,Unlocked
Alcatel,1016G,Working,Grade B - Good Condition,Not Applicable,Black,Unlocked
Alcatel,1016G,Working,Grade B B2B,Not Applicable,Black,Unlocked
Alcatel,1016G,Working,Grade B B2B,Not Applicable,Black,Unlocked
Alcatel,1016G,Working,Grade C - Acceptable Condition,Not Applicable,Black,Unlocked
Alcatel,1016G,Working,Grade B - Good Condition,Not Applicable,Black,Unlocked
Alcatel,1016G,Working,Grade B - Good Condition,Not Applicable,Black,Unlocked
Alcatel,1016G,Working,Grade B - Good Condition,Not Applicable,Black,Unlocked
Alcatel,1016G,Working,Grade B - Good Condition,Not Applicable,Black,Unlocked
Alcatel,1016G,Working,Grade B - Good Condition,Not Applicable,White,Unlocked
Alcatel,1016G,Working,Grade A - Very Good Condition,Not Applicable,White,Unlocked
Alcatel,1016G,Working,Grade B - Good Condition,Not Applicable,White,Unlocked
Alcatel,1016G,Power On Tested-Good LCD,Grade B - Good Condition,Not Applicable,Black,Unlocked
Alcatel,1016G,Working,Grade B B2B,Not Applicable,Black,Unlocked
Alcatel,1016G,Working,Grade B - Good Condition,Not Applicable,White,Unlocked
Alcatel,1016G,Working,Grade B B2B,Not Applicable,Black,Unlocked
Alcatel,1016G,Working,Grade B - Good Condition,Not Applicable,White,Unlocked
Alcatel,1016G,Working,Grade B - Good Condition,Not Applicable,Black,Unlocked
Alcatel,1016G,Working,Grade B B2B,Not Applicable,Black,Unlocked
Alcatel,1016G,Working,Grade B - Good Condition,Not Applicable,Black,Unlocked
Alcatel,1016G,Working,Grade C - Acceptable Condition,Not Applicable,Black,Unlocked
Alcatel,1016G,Working,Grade B B2B,Not Applicable,Black,Unlocked
Alcatel,1016G,Working,Grade B - Good Condition,Not Applicable,Black,Unlocked
Alcatel,1016G,Working,Grade B - Good Condition,Not Applicable,Black,Unlocked
Alcatel,1016G,Working,Grade B B2B,Not Applicable,Black,Unlocked
Alcatel,1016G,Working,Grade C - Acceptable Condition,Not Applicable,Black,Unlocked
Alcatel,1016G,Working,Grade B - Good Condition,Not Applicable,Black,Unlocked
Alcatel,1016G,Working,Grade B - Good Condition,Not Applicable,Black,Unlocked
Alcatel,1016G,Working,Grade B - Good Condition,Not Applicable,Black,Unlocked
Alcatel,1016G,Working,Grade B - Good Condition,Not Applicable,Black,Unlocked
Alcatel,1016G,Working,Grade C - Acceptable Condition,Not Applicable,Black,Unlocked
Alcatel,1016G,Working,Grade B B2B,Not Applicable,Black,Unlocked
Alcatel,1016G,Working,Grade B - Good Condition,Not Applicable,Black,Unlocked
Alcatel,1016G,Working,Grade B - Good Condition,Not Applicable,Black,Unlocked
Alcatel,1016G,Working,Grade B - Good Condition,Not Applicable,Black,Unlocked
Alcatel,1016G,Working,Grade B - Good Condition,Not Applicable,Black,Unlocked
Alcatel,1016G,Working,Grade B - Good Condition,Not Applicable,Black,Unlocked
Alcatel,1016G,Working,Grade B - Good Condition,Not Applicable,Black,Unlocked
Alcatel,1016G,Working,Grade B - Good Condition,Not Applicable,Black,Unlocked
Alcatel,1016G,Working,Grade B - Good Condition,Not Applicable,Black,Unlocked
Alcatel,1016G,Working,Grade B - Good Condition,Not Applicable,Black,Unlocked
Alcatel,1016G,Working,Grade C - Acceptable Condition,Not Applicable,Black,Unlocked
Alcatel,1016G,Working,Grade D,Not Applicable,Black,Unlocked
Alcatel,1016G,Working,Grade C - Acceptable Condition,Not Applicable,Black,Unlocked
Alcatel,1016G,Working,Grade B - Good Condition,Not Applicable,White,Unlocked
Alcatel,1016G,Working,Grade B - Good Condition,Not Applicable,White,Unlocked
Alcatel,1016G,Working,Grade B - Good Condition,Not Applicable,White,Unlocked
Alcatel,1016G,Working,Grade B B2B,Not Applicable,Black,Unlocked
Alcatel,1016G,Working,Grade B - Good Condition,Not Applicable,White,Unlocked
Alcatel,1016G,Working,Grade B - Good Condition,Not Applicable,White,Unlocked
Alcatel,1016G,Working,Grade B - Good Condition,Not Applicable,White,Unlocked
Alcatel,1016G,Working,Grade B - Good Condition,Not Applicable,White,Unlocked
Alcatel,1016G,Working,Grade B - Good Condition,Not Applicable,White,Unlocked
Alcatel,1016G,Working,Grade B B2B,Not Applicable,White,Unlocked
Alcatel,1016G,Working,Grade B - Good Condition,Not Applicable,White,Unlocked
Alcatel,1016G,Working,Grade B - Good Condition,Not Applicable,Black,Virgin
Alcatel,1016G,Working,Grade B - Good Condition,Not Applicable,Black,Unlocked
Alcatel,1016G,Working,Grade B - Good Condition,Not Applicable,Black,Unlocked
Alcatel,1016G,Working,Grade B - Good Condition,Not Applicable,White,Unlocked
Alcatel,1016G,Working,Grade B B2B,Not Applicable,Black,Unlocked
Alcatel,1016G,Working,Grade B - Good Condition,Not Applicable,Black,Unlocked
Alcatel,1016G,Working - Need Battery Cover,Grade B - Good Condition,Not Applicable,Black,Virgin
Alcatel,1016G,Working,Grade B - Good Condition,Not Applicable,White,Unlocked
Alcatel,1016G,Non-working - Need Battery Cover,Grade B - Good Condition,Not Applicable,Black,Virgin
Alcatel,1016G,Non-working - Unlock,Grade C - Acceptable Condition,Not Applicable,Black,Virgin
Alcatel,1016G,Non-working,Unknown,Not Applicable,Black,Unlocked
Alcatel,1016G,Non-working - Unlock,Grade B - Good Condition,Not Applicable,White,Virgin
Alcatel,1016G,Working,Grade B - Good Condition,Not Applicable,Black,Unlocked
Alcatel,1016G,Working,Grade B - Good Condition,Not Applicable,Black,Unlocked
Alcatel,1016G,Working,Grade B - Good Condition,Not Applicable,White,Unlocked
Alcatel,1016G,Working,Grade B - Good Condition,Not Applicable,White,Unlocked
Alcatel,1016G,Working,Grade B - Good Condition,Not Applicable,Black,Unlocked
Alcatel,1016G,Brand New,Brand New,Not Applicable,Black,Unlocked
Alcatel,1016G,Brand New,Brand New,Not Applicable,Black,Unlocked
Alcatel,1016G,Brand New,Brand New,Not Applicable,Black,Unlocked
Alcatel,1016G,Brand New,Brand New,Not Applicable,Black,Unlocked
Alcatel,1016G,Brand New,Brand New,Not Applicable,Black,Unlocked
Alcatel,1016G,Brand New,Brand New,Not Applicable,Black,Unlocked
Alcatel,1016G,Brand New,Brand New,Not Applicable,Black,Unlocked
Alcatel,1016G,Brand New,Brand New,Not Applicable,Black,Unlocked
Alcatel,1016G,Brand New,Brand New,Not Applicable,Black,Unlocked
Alcatel,1016G,Brand New,Brand New,Not Applicable,Black,Unlocked
Alcatel,1016G,Brand New,Brand New,Not Applicable,Black,Unlocked
Alcatel,1016G,Brand New,Brand New,Not Applicable,Black,Unlocked
Alcatel,1016G,Brand New,Brand New,Not Applicable,Black,Unlocked
Alcatel,1016G,Brand New,Brand New,Not Applicable,Black,Unlocked
Alcatel,1016G,Brand New,Brand New,Not Applicable,Black,Unlocked
Alcatel,1016G,Brand New,Brand New,Not Applicable,Black,Unlocked
Alcatel,1016G,Brand New,Brand New,Not Applicable,Black,Unlocked
Alcatel,1016G,Brand New,Brand New,Not Applicable,Black,Unlocked
Alcatel,1016G,Brand New,Brand New,Not Applicable,Black,Unlocked
Alcatel,1016G,Brand New,Brand New,Not Applicable,Black,Unlocked
Alcatel,1016G,Brand New,Brand New,Not Applicable,Black,Unlocked
Alcatel,1016G,Brand New,Brand New,Not Applicable,Black,Unlocked
Alcatel,1016G,Brand New,Brand New,Not Applicable,Black,Unlocked
Alcatel,1016G,Brand New,Brand New,Not Applicable,Black,Unlocked
Alcatel,1016G,Brand New,Brand New,Not Applicable,Black,Unlocked
Alcatel,1016G,Brand New,Brand New,Not Applicable,Black,Unlocked
Alcatel,1016G,Brand New,Brand New,Not Applicable,Black,Unlocked
Alcatel,1016G,Brand New,Brand New,Not Applicable,Black,Unlocked
Alcatel,1016G,Brand New,Brand New,Not Applicable,Black,Unlocked
Alcatel,1016G,Brand New,Brand New,Not Applicable,Black,Unlocked
Alcatel,1016G,Brand New,Brand New,Not Applicable,Black,Unlocked
Alcatel,1016G,Brand New,Brand New,Not Applicable,Black,Unlocked
Alcatel,1016G,Brand New,Brand New,Not Applicable,Black,Unlocked
Alcatel,1016G,Brand New,Brand New,Not Applicable,Black,Unlocked
Alcatel,1016G,Brand New,Brand New,Not Applicable,Black,Unlocked
Alcatel,1016G,Brand New,Brand New,Not Applicable,Black,Unlocked
Alcatel,1016G,Brand New,Brand New,Not Applicable,Black,Unlocked
Alcatel,1016G,Brand New,Brand New,Not Applicable,Black,Unlocked
Alcatel,1016G,Brand New,Brand New,Not Applicable,Black,Unlocked
Alcatel,1016G,Brand New,Brand New,Not Applicable,Black,Unlocked
Alcatel,1016G,Brand New,Brand New,Not Applicable,Black,Unlocked
Alcatel,1016G,Brand New,Brand New,Not Applicable,Black,Unlocked
Alcatel,1016G,Brand New,Brand New,Not Applicable,Black,Unlocked
Alcatel,1016G,Brand New,Brand New,Not Applicable,Black,Unlocked
Alcatel,1016G,Brand New,Brand New,Not Applicable,Black,Unlocked
Alcatel,1016G,Brand New,Brand New,Not Applicable,Black,Unlocked
Alcatel,1016G,Brand New,Brand New,Not Applicable,Black,Unlocked
Alcatel,1016G,Brand New,Brand New,Not Applicable,Black,Unlocked
Alcatel,1016G,Brand New,Brand New,Not Applicable,Black,Unlocked
Alcatel,1016G,Brand New,Brand New,Not Applicable,Black,Unlocked
Alcatel,1016G,Brand New,Brand New,Not Applicable,Black,Unlocked
Alcatel,1016G,Brand New,Brand New,Not Applicable,Black,Unlocked
Alcatel,1016G,Brand New,Brand New,Not Applicable,Black,Unlocked
Alcatel,1016G,Brand New,Brand New,Not Applicable,Black,Unlocked
Alcatel,1016G,Brand New,Brand New,Not Applicable,Black,Unlocked
Alcatel,1016G,Brand New,Brand New,Not Applicable,Black,Unlocked
Alcatel,1016G,Brand New,Brand New,Not Applicable,Black,Unlocked
Alcatel,1016G,Brand New,Brand New,Not Applicable,Black,Unlocked
Alcatel,1016G,Brand New,Brand New,Not Applicable,Black,Unlocked
Alcatel,1016G,Brand New,Brand New,Not Applicable,Black,Unlocked
Alcatel,1016G,Brand New,Brand New,Not Applicable,Black,Unlocked
Alcatel,1016G,Brand New,Brand New,Not Applicable,Black,Unlocked
Alcatel,1016G,Brand New,Brand New,Not Applicable,Black,Unlocked
Alcatel,1016G,Brand New,Brand New,Not Applicable,Black,Unlocked
Alcatel,1016G,Brand New,Brand New,Not Applicable,Black,Unlocked
Alcatel,1016G,Brand New,Brand New,Not Applicable,Black,Unlocked
Alcatel,1016G,Brand New,Brand New,Not Applicable,Black,Unlocked
Alcatel,1016G,Brand New,Brand New,Not Applicable,Black,Unlocked
Alcatel,1016G,Brand New,Brand New,Not Applicable,Black,Unlocked
Alcatel,1016G,Brand New,Brand New,Not Applicable,Black,Unlocked
Alcatel,1016G,Brand New,Brand New,Not Applicable,Black,Unlocked
Alcatel,1016G,Brand New,Brand New,Not Applicable,Black,Unlocked
Alcatel,1016G,Brand New,Brand New,Not Applicable,Black,Unlocked
Alcatel,1016G,Brand New,Brand New,Not Applicable,Black,Unlocked
Alcatel,1016G,Brand New,Brand New,Not Applicable,Black,Unlocked
Alcatel,1016G,Brand New,Brand New,Not Applicable,Black,Unlocked
Alcatel,1016G,Brand New,Brand New,Not Applicable,Black,Unlocked
Alcatel,1016G,Brand New,Brand New,Not Applicable,Black,Unlocked
Alcatel,1016G,Brand New,Brand New,Not Applicable,Black,Unlocked
Alcatel,1016G,Brand New,Brand New,Not Applicable,Black,Unlocked
Alcatel,1016G,Brand New,Brand New,Not Applicable,Black,Unlocked
Alcatel,1016G,Brand New,Brand New,Not Applicable,Black,Unlocked
Alcatel,1016G,Brand New,Brand New,Not Applicable,Black,Unlocked
Alcatel,1016G,Brand New,Brand New,Not Applicable,Black,Unlocked
Alcatel,1016G,Brand New,Brand New,Not Applicable,Black,Unlocked
Alcatel,1016G,Brand New,Brand New,Not Applicable,Black,Unlocked
Alcatel,1016G,Brand New,Brand New,Not Applicable,Black,Unlocked
Alcatel,1016G,Brand New,Brand New,Not Applicable,Black,Unlocked
Alcatel,1016G,Brand New,Brand New,Not Applicable,Black,Unlocked
Alcatel,1016G,Brand New,Brand New,Not Applicable,Black,Unlocked
Alcatel,1016G,Brand New,Brand New,Not Applicable,Black,Unlocked
Alcatel,1016G,Brand New,Brand New,Not Applicable,Black,Unlocked
Alcatel,1016G,Brand New,Brand New,Not Applicable,Black,Unlocked
Alcatel,1016G,Brand New,Brand New,Not Applicable,Black,Unlocked
Alcatel,1016G,Brand New,Brand New,Not Applicable,Black,Unlocked
Alcatel,1016G,Brand New,Brand New,Not Applicable,Black,Unlocked
Alcatel,1016G,Brand New,Brand New,Not Applicable,Black,Unlocked
Alcatel,1016G,Brand New,Brand New,Not Applicable,Black,Unlocked
Alcatel,1016G,Brand New,Brand New,Not Applicable,Black,Unlocked
Alcatel,1016G,Brand New,Brand New,Not Applicable,Black,Unlocked
Alcatel,1016G,Brand New,Brand New,Not Applicable,Black,Unlocked
Alcatel,1016G,Brand New,Brand New,Not Applicable,Black,Unlocked
Alcatel,1016G,Brand New,Brand New,Not Applicable,Black,Unlocked
Alcatel,1016G,Brand New,Brand New,Not Applicable,Black,Unlocked
Alcatel,1016G,Brand New,Brand New,Not Applicable,Black,Unlocked
Alcatel,1016G,Brand New,Brand New,Not Applicable,Black,Unlocked
Alcatel,1016G,Brand New,Brand New,Not Applicable,Black,Unlocked
Alcatel,1016G,Brand New,Brand New,Not Applicable,Black,Unlocked
Alcatel,1016G,Brand New,Brand New,Not Applicable,Black,Unlocked
Alcatel,1016G,Brand New,Brand New,Not Applicable,Black,Unlocked
Alcatel,1016G,Brand New,Brand New,Not Applicable,Black,Unlocked
Alcatel,1016G,Brand New,Brand New,Not Applicable,Black,Unlocked
Alcatel,1016G,Brand New,Brand New,Not Applicable,Black,Unlocked
Alcatel,1016G,Brand New,Brand New,Not Applicable,Black,Unlocked
Alcatel,1016G,Brand New,Brand New,Not Applicable,Black,Unlocked
Alcatel,1016G,Brand New,Brand New,Not Applicable,Black,Unlocked
Alcatel,1016G,Brand New,Brand New,Not Applicable,Black,Unlocked
Alcatel,1016G,Brand New,Brand New,Not Applicable,Black,Unlocked
Alcatel,1016G,Brand New,Brand New,Not Applicable,Black,Unlocked
Alcatel,1016G,Brand New,Brand New,Not Applicable,Black,Unlocked
Alcatel,1016G,Brand New,Brand New,Not Applicable,Black,Unlocked
Alcatel,1016G,Brand New,Brand New,Not Applicable,Black,Unlocked
Alcatel,1016G,Brand New,Brand New,Not Applicable,Black,Unlocked
Alcatel,1016G,Brand New,Brand New,Not Applicable,Black,Unlocked
Alcatel,1016G,Brand New,Brand New,Not Applicable,Black,Unlocked
Alcatel,1016G,Brand New,Brand New,Not Applicable,Black,Unlocked
Alcatel,1016G,Brand New,Brand New,Not Applicable,Black,Unlocked
Alcatel,1016G,Brand New,Brand New,Not Applicable,Black,Unlocked
Alcatel,1016G,Brand New,Brand New,Not Applicable,Black,Unlocked
Alcatel,1016G,Brand New,Brand New,Not Applicable,Black,Unlocked
Alcatel,1016G,Brand New,Brand New,Not Applicable,Black,Unlocked
Alcatel,1016G,Brand New,Brand New,Not Applicable,Black,Unlocked
Alcatel,1016G,Brand New,Brand New,Not Applicable,Black,Unlocked
Alcatel,1016G,Brand New,Brand New,Not Applicable,Black,Unlocked
Alcatel,1016G,Brand New,Brand New,Not Applicable,Black,Unlocked
Alcatel,1016G,Brand New,Brand New,Not Applicable,Black,Unlocked
Alcatel,1016G,Brand New,Brand New,Not Applicable,Black,Unlocked
Alcatel,1016G,Brand New,Brand New,Not Applicable,Black,Unlocked
Alcatel,1016G,Brand New,Brand New,Not Applicable,Black,Unlocked
Alcatel,1016G,Brand New,Brand New,Not Applicable,Black,Unlocked
Alcatel,1016G,Brand New,Brand New,Not Applicable,Black,Unlocked
Alcatel,1016G,Brand New,Brand New,Not Applicable,Black,Unlocked
Alcatel,1016G,Brand New,Brand New,Not Applicable,Black,Unlocked
Alcatel,1016G,Brand New,Brand New,Not Applicable,Black,Unlocked
Alcatel,1016G,Brand New,Brand New,Not Applicable,Black,Unlocked
Alcatel,1016G,Brand New,Brand New,Not Applicable,Black,Unlocked
Alcatel,1016G,Brand New,Brand New,Not Applicable,Black,Unlocked
Alcatel,1016G,Brand New,Brand New,Not Applicable,Black,Unlocked
Alcatel,1016G,Brand New,Brand New,Not Applicable,Black,Unlocked
Alcatel,1016G,Brand New,Brand New,Not Applicable,Black,Unlocked
Alcatel,1016G,Brand New,Brand New,Not Applicable,Black,Unlocked
Alcatel,1016G,Brand New,Brand New,Not Applicable,Black,Unlocked
Alcatel,1016G,Brand New,Brand New,Not Applicable,Black,Unlocked
Alcatel,1016G,Brand New,Brand New,Not Applicable,Black,Unlocked
Alcatel,1016G,Brand New,Brand New,Not Applicable,Black,Unlocked
Alcatel,1016G,Brand New,Brand New,Not Applicable,Black,Unlocked
Alcatel,1016G,Brand New,Brand New,Not Applicable,Black,Unlocked
Alcatel,1016G,Brand New,Brand New,Not Applicable,Black,Unlocked
Alcatel,1016G,Brand New,Brand New,Not Applicable,Black,Unlocked
Alcatel,1016G,Brand New,Brand New,Not Applicable,Black,Unlocked
Alcatel,1016G,Brand New,Brand New,Not Applicable,Black,Unlocked
Alcatel,1016G,Brand New,Brand New,Not Applicable,Black,Unlocked
Alcatel,1016G,Brand New,Brand New,Not Applicable,Black,Unlocked
Alcatel,1016G,Brand New,Brand New,Not Applicable,Black,Unlocked
Alcatel,1016G,Brand New,Brand New,Not Applicable,Black,Unlocked
Alcatel,1016G,Brand New,Brand New,Not Applicable,Black,Unlocked
Alcatel,1016G,Brand New,Brand New,Not Applicable,Black,Unlocked
Alcatel,1016G,Brand New,Brand New,Not Applicable,Black,Unlocked
Alcatel,1016G,Brand New,Brand New,Not Applicable,Black,Unlocked
Alcatel,1016G,Brand New,Brand New,Not Applicable,Black,Unlocked
Alcatel,1016G,Brand New,Brand New,Not Applicable,Black,Unlocked
Alcatel,1016G,Brand New,Brand New,Not Applicable,Black,Unlocked
Alcatel,1016G,Brand New,Brand New,Not Applicable,Black,Unlocked
Alcatel,1016G,Brand New,Brand New,Not Applicable,Black,Unlocked
Alcatel,1016G,Brand New,Brand New,Not Applicable,Black,Unlocked
Alcatel,1016G,Brand New,Brand New,Not Applicable,Black,Unlocked
Alcatel,1016G,Brand New,Brand New,Not Applicable,Black,Unlocked
Alcatel,1016G,Brand New,Brand New,Not Applicable,Black,Unlocked
Alcatel,1016G,Brand New,Brand New,Not Applicable,Black,Unlocked
Alcatel,1016G,Brand New,Brand New,Not Applicable,Black,Unlocked
Alcatel,1016G,Brand New,Brand New,Not Applicable,Black,Unlocked
Alcatel,1016G,Brand New,Brand New,Not Applicable,Black,Unlocked
Alcatel,1016G,Brand New,Brand New,Not Applicable,Black,Unlocked
Alcatel,1016G,Brand New,Brand New,Not Applicable,Black,Unlocked
Alcatel,1016G,Brand New,Brand New,Not Applicable,Black,Unlocked
Alcatel,1016G,Brand New,Brand New,Not Applicable,Black,Unlocked
Alcatel,1016G,Brand New,Brand New,Not Applicable,Black,Unlocked
Alcatel,1016G,Brand New,Brand New,Not Applicable,Black,Unlocked
Alcatel,1016G,Brand New,Brand New,Not Applicable,Black,Unlocked
Alcatel,1016G,Brand New,Brand New,Not Applicable,Black,Unlocked
Alcatel,1016G,Brand New,Brand New,Not Applicable,Black,Unlocked
Alcatel,1016G,Brand New,Brand New,Not Applicable,Black,Unlocked
Alcatel,1016G,Brand New,Brand New,Not Applicable,Black,Unlocked
Alcatel,1016G,Brand New,Brand New,Not Applicable,Black,Unlocked
Alcatel,1016G,Brand New,Brand New,Not Applicable,Black,Unlocked
Alcatel,1016G,Brand New,Brand New,Not Applicable,Black,Unlocked
Alcatel,1016G,Brand New,Brand New,Not Applicable,Black,Unlocked
Alcatel,1016G,Brand New,Brand New,Not Applicable,Black,Unlocked
Alcatel,1016G,Brand New,Brand New,Not Applicable,Black,Unlocked
Alcatel,1016G,Brand New,Brand New,Not Applicable,Black,Unlocked
Alcatel,1016G,Brand New,Brand New,Not Applicable,Black,Unlocked
Alcatel,1016G,Brand New,Brand New,Not Applicable,Black,Unlocked
Alcatel,1016G,Brand New,Brand New,Not Applicable,Black,Unlocked
Alcatel,1016G,Brand New,Brand New,Not Applicable,Black,Unlocked
Alcatel,1016G,Brand New,Brand New,Not Applicable,Black,Unlocked
Alcatel,1016G,Brand New,Brand New,Not Applicable,Black,Unlocked
Alcatel,1016G,Brand New,Brand New,Not Applicable,Black,Unlocked
Alcatel,1016G,Brand New,Brand New,Not Applicable,Black,Unlocked
Alcatel,1016G,Brand New,Brand New,Not Applicable,Black,Unlocked
Alcatel,1016G,Brand New,Brand New,Not Applicable,Black,Unlocked
Alcatel,1016G,Brand New,Brand New,Not Applicable,Black,Unlocked
Alcatel,1016G,Brand New,Brand New,Not Applicable,Black,Unlocked
Alcatel,1016G,Brand New,Brand New,Not Applicable,Black,Unlocked
Alcatel,1016G,Brand New,Brand New,Not Applicable,Black,Unlocked
Alcatel,1016G,Brand New,Brand New,Not Applicable,Black,Unlocked
Alcatel,1016G,Brand New,Brand New,Not Applicable,Black,Unlocked
Alcatel,1016G,Brand New,Brand New,Not Applicable,Black,Unlocked
Alcatel,1016G,Brand New,Brand New,Not Applicable,Black,Unlocked
Alcatel,1016G,Brand New,Brand New,Not Applicable,Black,Unlocked
Alcatel,1016G,Brand New,Brand New,Not Applicable,Black,Unlocked
Alcatel,1016G,Brand New,Brand New,Not Applicable,Black,Unlocked
Alcatel,1016G,Brand New,Brand New,Not Applicable,Black,Unlocked
Alcatel,1016G,Brand New,Brand New,Not Applicable,Black,Unlocked
Alcatel,1016G,Brand New,Brand New,Not Applicable,Black,Unlocked
Alcatel,1016G,Brand New,Brand New,Not Applicable,Black,Unlocked
Alcatel,1016G,Brand New,Brand New,Not Applicable,Black,Unlocked
Alcatel,1016G,Brand New,Brand New,Not Applicable,Black,Unlocked
Alcatel,1016G,Brand New,Brand New,Not Applicable,Black,Unlocked
Alcatel,1016G,Brand New,Brand New,Not Applicable,Black,Unlocked
Alcatel,1016G,Brand New,Brand New,Not Applicable,Black,Unlocked
Alcatel,1016G,Brand New,Brand New,Not Applicable,Black,Unlocked
Alcatel,1016G,Brand New,Brand New,Not Applicable,Black,Unlocked
Alcatel,1016G,Brand New,Brand New,Not Applicable,Black,Unlocked
Alcatel,1016G,Brand New,Brand New,Not Applicable,Black,Unlocked
Alcatel,1016G,Brand New,Brand New,Not Applicable,Black,Unlocked
Alcatel,1016G,Brand New,Brand New,Not Applicable,Black,Unlocked
Alcatel,1016G,Brand New,Brand New,Not Applicable,Black,Unlocked
Alcatel,1016G,Brand New,Brand New,Not Applicable,Black,Unlocked
Alcatel,1016G,Brand New,Brand New,Not Applicable,Black,Unlocked
Alcatel,1016G,Brand New,Brand New,Not Applicable,Black,Unlocked
Alcatel,1016G,Brand New,Brand New,Not Applicable,Black,Unlocked
Alcatel,1016G,Brand New,Brand New,Not Applicable,Black,Unlocked
Alcatel,1016G,Brand New,Brand New,Not Applicable,Black,Unlocked
Alcatel,1016G,Brand New,Brand New,Not Applicable,Black,Unlocked
Alcatel,1016G,Brand New,Brand New,Not Applicable,Black,Unlocked
Alcatel,1016G,Brand New,Brand New,Not Applicable,Black,Unlocked
Alcatel,1016G,Brand New,Brand New,Not Applicable,Black,Unlocked
Alcatel,1016G,Brand New,Brand New,Not Applicable,Black,Unlocked
Alcatel,1016G,Brand New,Brand New,Not Applicable,Black,Unlocked
Alcatel,1016G,Brand New,Brand New,Not Applicable,Black,Unlocked
Alcatel,1016G,Brand New,Brand New,Not Applicable,Black,Unlocked
Alcatel,1016G,Brand New,Brand New,Not Applicable,Black,Unlocked
Alcatel,1016G,Brand New,Brand New,Not Applicable,Black,Unlocked
Alcatel,1016G,Brand New,Brand New,Not Applicable,Black,Unlocked
Alcatel,1016G,Brand New,Brand New,Not Applicable,Black,Unlocked
Alcatel,1016G,Brand New,Brand New,Not Applicable,Black,Unlocked
Alcatel,1016G,Brand New,Brand New,Not Applicable,Black,Unlocked
Alcatel,1016G,Brand New,Brand New,Not Applicable,Black,Unlocked
Alcatel,1016G,Brand New,Brand New,Not Applicable,Black,Unlocked
Alcatel,1016G,Brand New,Brand New,Not Applicable,Black,Unlocked
Alcatel,1016G,Brand New,Brand New,Not Applicable,Black,Unlocked
Alcatel,1016G,Brand New,Brand New,Not Applicable,Black,Unlocked
Alcatel,1016G,Brand New,Brand New,Not Applicable,Black,Unlocked
Alcatel,1016G,Brand New,Brand New,Not Applicable,Black,Unlocked
Alcatel,1016G,Brand New,Brand New,Not Applicable,Black,Unlocked
Alcatel,1016G,Brand New,Brand New,Not Applicable,Black,Unlocked
Alcatel,1016G,Brand New,Brand New,Not Applicable,Black,Unlocked
Alcatel,1016G,Brand New,Brand New,Not Applicable,Black,Unlocked
Alcatel,1016G,Brand New,Brand New,Not Applicable,Black,Unlocked
Alcatel,1016G,Brand New,Brand New,Not Applicable,Black,Unlocked
Alcatel,1016G,Brand New,Brand New,Not Applicable,Black,Unlocked
Alcatel,1016G,Brand New,Brand New,Not Applicable,Black,Unlocked
Alcatel,1016G,Brand New,Brand New,Not Applicable,Black,Unlocked
Alcatel,1016G,Brand New,Brand New,Not Applicable,Black,Unlocked
Alcatel,1016G,Brand New,Brand New,Not Applicable,Black,Unlocked
Alcatel,1016G,Brand New,Brand New,Not Applicable,Black,Unlocked
Alcatel,1016G,Brand New,Brand New,Not Applicable,Black,Unlocked
Alcatel,1016G,Brand New,Brand New,Not Applicable,Black,Unlocked
Alcatel,1016G,Brand New,Brand New,Not Applicable,Black,Unlocked
Alcatel,1016G,Brand New,Brand New,Not Applicable,Black,Unlocked
Alcatel,1016G,Brand New,Brand New,Not Applicable,Black,Unlocked
Alcatel,1016G,Brand New,Brand New,Not Applicable,Black,Unlocked
Alcatel,1016G,Brand New,Brand New,Not Applicable,Black,Unlocked
Alcatel,1016G,Brand New,Brand New,Not Applicable,Black,Unlocked
Alcatel,1016G,Brand New,Brand New,Not Applicable,Black,Unlocked
Alcatel,1016G,Brand New,Brand New,Not Applicable,Black,Unlocked
Alcatel,1016G,Brand New,Brand New,Not Applicable,Black,Unlocked
Alcatel,1016G,Brand New,Brand New,Not Applicable,Black,Unlocked
Alcatel,1016G,Brand New,Brand New,Not Applicable,Black,Unlocked
Alcatel,1016G,Brand New,Brand New,Not Applicable,Black,Unlocked
Alcatel,1016G,Brand New,Brand New,Not Applicable,Black,Unlocked
Alcatel,1016G,Brand New,Brand New,Not Applicable,Black,Unlocked
Alcatel,1016G,Brand New,Brand New,Not Applicable,Black,Unlocked
Alcatel,1016G,Brand New,Brand New,Not Applicable,Black,Unlocked
Alcatel,1016G,Brand New,Brand New,Not Applicable,Black,Unlocked
Alcatel,1016G,Brand New,Brand New,Not Applicable,Black,Unlocked
Alcatel,1016G,Brand New,Brand New,Not Applicable,Black,Unlocked
Alcatel,1016G,Brand New,Brand New,Not Applicable,Black,Unlocked
Alcatel,1016G,Brand New,Brand New,Not Applicable,Black,Unlocked
Alcatel,1016G,Brand New,Brand New,Not Applicable,Black,Unlocked
Alcatel,1016G,Power On Tested-Good LCD,Grade C - Acceptable Condition,Not Applicable,Black,Damaged
Alcatel,1016G,Power On Tested-Good LCD,Grade C - Acceptable Condition,Not Applicable,Black,Damaged
